DROP TABLE IF EXISTS individu;
DROP TABLE IF EXISTS users;
DROP TABLE IF EXISTS authorities;
DROP TABLE IF EXISTS validationKeys;
DROP TABLE IF EXISTS events;
DROP TABLE IF EXISTS business CASCADE;
DROP TABLE IF EXISTS address;
DROP TABLE IF EXISTS governorate;
DROP TABLE IF EXISTS country;
DROP TABLE IF EXISTS schedule CASCADE;
DROP TABLE IF EXISTS activity CASCADE;
DROP TABLE IF EXISTS project CASCADE;
DROP TABLE IF EXISTS userBusinessRelations CASCADE;
DROP TABLE IF EXISTS businessGoup CASCADE;
DROP TABLE IF EXISTS scheduleRepport;



CREATE TABLE country
(
    id     int(8) primary key not null,
    name   varchar(100)       not null,
    active TINYINT            not null
);

insert into country (id, name, active)
VALUES (1, 'TUNISIA', 1),
       (2, 'FRANCE', 1);

CREATE TABLE governorate
(
    id         int(8) primary key not null,
    name       varchar(100)       not null,
    country_id int(8)             not null,
    constraint country_ibfk_1
        foreign key (country_id) references country (id),
    constraint country_uni_1
        unique (name, country_id)
);

insert into governorate (id, name, country_id)
VALUES (1, 'TUNIS', 1),
       (2, 'ARIANA', 1),
       (3, 'BEJA', 1),
       (4, 'BEN_AROUS', 1),
       (5, 'BIZERTE', 1),
       (6, 'GABES', 1),
       (7, 'JENDOUBA', 1),
       (8, 'KAIROUAN', 1),
       (9, 'KASSERINE', 1),
       (10, 'KEBILI', 1),
       (11, 'KEF', 1),
       (12, 'MAHDIA', 1),
       (13, 'MANNOUBA', 1),
       (14, 'MEDENINE', 1),
       (15, 'MONASTIR', 1),
       (16, 'NABEUL', 1),
       (17, 'SFAX', 1),
       (18, 'SIDI_BOUZID', 1),
       (19, 'SILIANA', 1),
       (20, 'SOUSSE', 1),
       (21, 'TATAOUINE', 1),
       (22, 'TOZEUR', 1),
       (23, 'ZAGHOUAN', 1),
       (24, 'GAFSA', 1);


CREATE TABLE address
(
    id             int(8) primary key not null,
    governorate_id int(8)             not null,
    town           varchar(100)       not null,
    city           varchar(100)       not null,
    code           int(4)             not null,
    constraint address_ibfk_1
        foreign key (governorate_id) references governorate (id)
);

insert into address(id, governorate_id, town, city, code)
VALUES (0, 2, 'Ariana Ville', 'Centre Commercial Ikram', 2037),
       (1, 2, 'Ariana Ville', 'Residence Kortoba', 2058),
       (2, 2, 'Ariana Ville', 'Nouvelle Ariana', 2080),
       (3, 2, 'Ariana Ville', 'Cite Ennasr 1', 2037),
       (4, 2, 'Ariana Ville', 'Cite Ennasr 2', 2037),
       (5, 2, 'Ariana Ville', 'Cite Ennouzha', 2080),
       (6, 2, 'Ariana Ville', 'Cite Borj Turki 2', 2058),
       (7, 2, 'Ariana Ville', 'Cite El Intissar 1', 2091),
       (8, 2, 'Ariana Ville', 'Cite Borj Turki 1', 2058),
       (9, 2, 'Ariana Ville', 'Cite El Intissar 2', 2091),
       (10, 2, 'Ariana Ville', 'Cite Du Printemps', 2080),
       (11, 2, 'Ariana Ville', 'Residence Ennour ( Naser 1)', 2037),
       (12, 2, 'Ariana Ville', 'Riadh Landlous', 2058),
       (13, 2, 'Ariana Ville', 'Cite Jaafar', 2080),
       (14, 2, 'Ariana Ville', 'Cite De La Sante', 2058),
       (15, 2, 'Ariana Ville', 'Cite Essaada ( Ariana)', 2080),
       (16, 2, 'Ariana Ville', 'Residence Ichbilia', 2058),
       (17, 2, 'Ariana Ville', 'Cite Belvedere 2', 2091),
       (18, 2, 'Ariana Ville', 'Borj El Baccouche', 2027),
       (19, 2, 'Ariana Ville', 'Residence El Ouns', 2058),
       (20, 2, 'Ariana Ville', 'Cite Karim', 2058),
       (21, 2, 'Ariana Ville', 'Residence Ibn Zeidoun', 2058),
       (22, 2, 'Ariana Ville', 'El Menzah 8', 2037),
       (23, 2, 'Ariana Ville', 'El Menzah 7', 2037),
       (24, 2, 'Ariana Ville', 'El Menzah 6', 2091),
       (25, 2, 'Ariana Ville', 'Cite Mehrzia 1', 2058),
       (26, 2, 'Ariana Ville', 'El Menzah 5', 2091),
       (27, 2, 'Ariana Ville', 'Residence Ennour ( Ariana)', 2080),
       (28, 2, 'Ariana Ville', 'Residence Ennour ( Naser 2)', 2037),
       (29, 2, 'Ariana Ville', 'Cite Jamil', 2091),
       (30, 2, 'Ariana Ville', 'Cite Du Jardin', 2080),
       (31, 2, 'Ariana Ville', 'Cite Essaada ( Riadh Andalous)', 2058),
       (32, 2, 'Ariana Ville', 'Cite Des Roses', 2080),
       (33, 2, 'Ariana Ville', 'Ariana', 2080),
       (34, 2, 'Ariana Ville', 'Cite Du Soleil', 2091),
       (35, 2, 'Ettadhamen', 'Cite Ettadhamen', 2041),
       (36, 2, 'Ettadhamen', 'Cite 18 Janvier', 2041),
       (37, 2, 'Ettadhamen', 'Cite Ennasser', 2041),
       (38, 2, 'Ettadhamen', 'Cite El Houda', 2041),
       (39, 2, 'Ettadhamen', 'Cite Ben Yerfes', 2041),
       (40, 2, 'Ettadhamen', 'Cite Sfar', 2041),
       (41, 2, 'Ettadhamen', 'Cite Snit Nagra', 2041),
       (42, 2, 'Ettadhamen', 'Cite Snit 2', 2041),
       (43, 2, 'Ettadhamen', 'Cite Ettayarene', 2041),
       (44, 2, 'Kalaat Landlous', 'Cite El Oulja', 2022),
       (45, 2, 'Kalaat Landlous', 'Henchir Touba', 2061),
       (46, 2, 'Kalaat Landlous', 'Henchir Toubias', 2061),
       (47, 2, 'Kalaat Landlous', 'Cite Tarek Ibn Zied', 2022),
       (48, 2, 'Kalaat Landlous', 'Kalaat Landlous', 2022),
       (49, 2, 'Kalaat Landlous', 'Cite El Fejja', 2022),
       (50, 2, 'Kalaat Landlous', 'El Misra', 2061),
       (51, 2, 'Kalaat Landlous', 'Cite Essibous', 2022),
       (52, 2, 'Kalaat Landlous', 'Borj El Hadj', 2061),
       (53, 2, 'Kalaat Landlous', 'Pont De Bizerte', 2061),
       (54, 2, 'Kalaat Landlous', 'Cite El Mourouj', 2022),
       (55, 2, 'Kalaat Landlous', 'Cite Bir El Araies', 2022),
       (56, 2, 'Kalaat Landlous', 'Cite Des Martyrs', 2022),
       (57, 2, 'Kalaat Landlous', 'Ferme Mustapha', 2061),
       (58, 2, 'Kalaat Landlous', 'Ferme Hababou', 2061),
       (5001, 2, 'La Soukra', 'Cite Snit', 2036),
       (5002, 2, 'La Soukra', 'Cite Snit', 2073),
       (5003, 2, 'La Soukra', 'Residence 26-26', 2036),
       (59, 2, 'La Soukra', 'Borj Louzir', 2073),
       (60, 2, 'La Soukra', 'Cite Ettaamir', 2036),
       (61, 2, 'La Soukra', 'Cite Chouchene', 2036),
       (62, 2, 'La Soukra', 'Cite De La Sante', 2073),
       (63, 2, 'La Soukra', 'Cite Elyes', 2036),
       (64, 2, 'La Soukra', 'Cite Ben Hessine', 2036),
       (65, 2, 'La Soukra', 'Cite Farhat', 2036),
       (66, 2, 'La Soukra', 'Cite El Azzef', 2036),
       (67, 2, 'La Soukra', 'Cite Belabla', 2036),
       (68, 2, 'La Soukra', 'Sidi Frej', 2036),
       (69, 2, 'La Soukra', 'Cite El Behi Ladghem', 2073),
       (70, 2, 'La Soukra', 'Residence El Ouns', 2073),
       (71, 2, 'La Soukra', 'Sidi Salah', 2036),
       (72, 2, 'La Soukra', 'Cite El Henaya', 2036),
       (73, 2, 'La Soukra', 'Cite Star', 2073),
       (74, 2, 'La Soukra', 'Mosque Erraoudha', 2036),
       (75, 2, 'La Soukra', 'Station Marchandises Fret', 2035),
       (76, 2, 'La Soukra', 'Cite El Maid', 2036),
       (77, 2, 'La Soukra', 'Cite El Boustene 1', 2036),
       (78, 2, 'La Soukra', 'Cite Ezzitoun 2', 2036),
       (79, 2, 'La Soukra', 'Cite Astree', 2036),
       (80, 2, 'La Soukra', 'Cite El Boustene 2', 2036),
       (81, 2, 'La Soukra', 'Cite Ezzitoun 1', 2036),
       (82, 2, 'La Soukra', 'Residence Ahlem', 2036),
       (83, 2, 'La Soukra', 'Cite Ezzouaidia', 2036),
       (84, 2, 'La Soukra', 'Cite Fateh', 2036),
       (85, 2, 'La Soukra', 'Village Essahli', 2036),
       (86, 2, 'La Soukra', 'Cite Fonciere', 2036),
       (87, 2, 'La Soukra', 'Sidi Soufiene', 2036),
       (88, 2, 'La Soukra', 'Residence Ennesrine', 2073),
       (89, 2, 'La Soukra', 'Cite Ennouzha 3', 2073),
       (90, 2, 'La Soukra', 'Cite Touilia', 2036),
       (91, 2, 'La Soukra', 'Cite Jebira', 2073),
       (92, 2, 'La Soukra', 'Residence Meriem', 2036),
       (93, 2, 'La Soukra', 'Charguia 2', 2035),
       (94, 2, 'La Soukra', 'Charguia 1', 2035),
       (95, 2, 'La Soukra', 'Chotrana 1', 2036),
       (96, 2, 'La Soukra', 'Cite Bou Fares', 2036),
       (97, 2, 'La Soukra', 'Cite Ben Kilani', 2073),
       (98, 2, 'La Soukra', 'Cite Hedi Nouira', 2073),
       (99, 2, 'La Soukra', 'Chotrana 3', 2036),
       (100, 2, 'La Soukra', 'Chotrana 2', 2036),
       (101, 2, 'La Soukra', 'Cite Ennacim', 2073),
       (102, 2, 'La Soukra', 'Cite Ettaamir 5', 2073),
       (103, 2, 'La Soukra', 'Cite El Feth', 2073),
       (104, 2, 'La Soukra', 'Cite Ghouzaila', 2073),
       (105, 2, 'La Soukra', 'Dar Fadhal', 2036),
       (106, 2, 'La Soukra', 'Aeroport Tunis Carthage', 2035),
       (107, 2, 'La Soukra', 'Cite El Hana', 2073),
       (108, 2, 'La Soukra', 'Cite El Mansoura', 2073),
       (109, 2, 'La Soukra', 'Cite De La Terre Libre', 2036),
       (110, 2, 'La Soukra', 'La Soukra', 2036),
       (111, 2, 'La Soukra', 'Cite Des Juges', 2036),
       (112, 2, 'La Soukra', 'Cite El Ouroud', 2073),
       (113, 2, 'La Soukra', 'Cite Chouachia', 2036),
       (114, 2, 'Mnihla', 'Essanhaji', 2094),
       (115, 2, 'Mnihla', 'Cite Rous El Harayek', 2094),
       (116, 2, 'Mnihla', 'Cite Rafaha', 2094),
       (117, 2, 'Mnihla', 'Cite El Ouard', 2094),
       (118, 2, 'Mnihla', 'Mnihla', 2094),
       (119, 2, 'Mnihla', 'Cite De La Republique', 2094),
       (120, 2, 'Mnihla', 'Cite El Bassatine1', 2094),
       (121, 2, 'Mnihla', 'Cite El Bassatine2', 2094),
       (122, 2, 'Mnihla', 'Cite El Bassatine3', 2094),
       (123, 2, 'Mnihla', 'Cite Ali Bourguiba', 2094),
       (124, 2, 'Mnihla', 'Cite Essaada', 2094),
       (125, 2, 'Mnihla', 'Cite Ennasr', 2094),
       (126, 2, 'Mnihla', 'Residence Ennasr', 2094),
       (127, 2, 'Mnihla', 'Cite El Gouabsia', 2094),
       (128, 2, 'Raoued', 'Ariana Essoughra', 2081),
       (129, 2, 'Raoued', 'Cite Ennour Jaafar', 2081),
       (130, 2, 'Raoued', 'Residence Rim', 2081),
       (131, 2, 'Raoued', 'Cite Ibn Rachik', 2083),
       (132, 2, 'Raoued', 'Borj Touil', 2081),
       (133, 2, 'Raoued', 'Cite Sidi Salah', 2056),
       (134, 2, 'Raoued', 'Route Ezzaouia', 2081),
       (135, 2, 'Raoued', 'Cite El Wafa', 2083),
       (136, 2, 'Raoued', 'Cite De La Rtt 2', 2083),
       (137, 2, 'Raoued', 'Cite Sidi Slimene', 2081),
       (138, 2, 'Raoued', 'Residence El Ayech', 2081),
       (139, 2, 'Raoued', 'Cite El Abadla', 2083),
       (140, 2, 'Raoued', 'El Hessiene', 2081),
       (141, 2, 'Raoued', 'Cite Zghab', 2056),
       (142, 2, 'Raoued', 'Cite El Ghazala 2', 2083),
       (143, 2, 'Raoued', 'Cite El Ghazala 1', 2083),
       (144, 2, 'Raoued', 'Complexe Technologique', 2088),
       (145, 2, 'Raoued', 'Cite Ennkhilet', 2083),
       (146, 2, 'Raoued', 'Jaafar 1', 2083),
       (147, 2, 'Raoued', 'Residence Ennarjes', 2081),
       (148, 2, 'Raoued', 'Jaafar 2', 2083),
       (149, 2, 'Raoued', 'Cite Essaada', 2081),
       (150, 2, 'Raoued', 'Cite El Mountazeh', 2081),
       (151, 2, 'Raoued', 'El Brarja', 2056),
       (152, 2, 'Raoued', 'Oued El Makhzen', 2081),
       (153, 2, 'Raoued', 'Residence El Ouns', 2081),
       (154, 2, 'Raoued', 'Residence Essalem', 2081),
       (155, 2, 'Raoued', 'Cite Aeroport', 2056),
       (156, 2, 'Raoued', 'Cite Chargui', 2056),
       (157, 2, 'Raoued', 'Douar El Hendi', 2081),
       (158, 2, 'Raoued', 'Bou Hnech', 2081),
       (159, 2, 'Raoued', 'Cite Essahafa', 2083),
       (160, 2, 'Raoued', 'Raoued', 2056),
       (161, 2, 'Raoued', 'Oued El Khayat', 2081),
       (162, 2, 'Raoued', 'Cite Mehrzia 2', 2083),
       (163, 2, 'Raoued', 'Cite El Amel', 2083),
       (164, 2, 'Raoued', 'Cite El Yamama', 2056),
       (165, 2, 'Raoued', 'Cite Chaker', 2081),
       (166, 2, 'Raoued', 'Cite Snit', 2081),
       (167, 2, 'Raoued', 'Cite De La Mosque', 2081),
       (168, 2, 'Raoued', 'Cite Des Juges', 2056),
       (169, 2, 'Raoued', 'Cite 7 Novembre', 2056),
       (170, 2, 'Raoued', 'Cite Ennasr', 2083),
       (171, 2, 'Raoued', 'Cite Erriadh', 2081),
       (172, 2, 'Raoued', 'Cite El Mouaouiet', 2081),
       (173, 2, 'Sidi Thabet', 'Cite Des Oranges', 2020),
       (174, 2, 'Sidi Thabet', 'Cite Ouvriere', 2032),
       (175, 2, 'Sidi Thabet', 'Borj Youssef', 2032),
       (176, 2, 'Sidi Thabet', 'Cite El Frachich', 2032),
       (177, 2, 'Sidi Thabet', 'Sidi Thabet', 2020),
       (178, 2, 'Sidi Thabet', 'Chorfech 24', 2057),
       (179, 2, 'Sidi Thabet', 'Jabbes', 2032),
       (180, 2, 'Sidi Thabet', 'Cite El Ghribi', 2032),
       (181, 2, 'Sidi Thabet', 'Cite 18 Janvier', 2020),
       (182, 2, 'Sidi Thabet', 'Cite Ettbaieb', 2020),
       (183, 2, 'Sidi Thabet', 'Cite Mongi Slim', 2020),
       (184, 2, 'Sidi Thabet', 'Cite Des Agriculteurs', 2020),
       (185, 2, 'Sidi Thabet', 'Cite El Bokri', 2032),
       (186, 2, 'Sidi Thabet', 'Ezzaouia', 2032),
       (187, 2, 'Sidi Thabet', 'Bejaoua 2', 2020),
       (188, 2, 'Sidi Thabet', 'Chorfech', 2057),
       (189, 2, 'Sidi Thabet', 'Cite Essaada', 2020),
       (190, 2, 'Sidi Thabet', 'Cite Jardins', 2020),
       (191, 2, 'Sidi Thabet', 'Chorfech 8', 2057),
       (192, 2, 'Sidi Thabet', 'Cite Dridi', 2032),
       (193, 2, 'Sidi Thabet', 'Cite Messouda', 2032),
       (194, 2, 'Sidi Thabet', 'Borj El Khoukha', 2032),
       (195, 2, 'Sidi Thabet', 'Chorfech 2', 2057),
       (196, 2, 'Sidi Thabet', 'Cite El Methalithe', 2032),
       (197, 2, 'Sidi Thabet', 'Jabbes El Borj', 2032),
       (198, 2, 'Sidi Thabet', 'Cite El Mbarka', 2020),
       (199, 2, 'Sidi Thabet', 'Chorfech 12', 2032),
       (200, 2, 'Sidi Thabet', 'Cite Afh', 2020),
       (201, 2, 'Sidi Thabet', 'Cebalet Ben Ammar', 2032),
       (202, 2, 'Sidi Thabet', 'Cite El Gouazine', 2020),
       (203, 2, 'Sidi Thabet', 'Cite El Mrezgua', 2020),
       (204, 2, 'Sidi Thabet', 'Cite Sidi Marouane', 2032),
       (205, 3, 'Amdoun', 'Eddghabjia', 9030),
       (206, 3, 'Amdoun', 'El Fraijia', 9030),
       (207, 3, 'Amdoun', 'Maghraoua', 9030),
       (208, 3, 'Amdoun', 'Bouris', 9030),
       (209, 3, 'Amdoun', 'Sobah', 9030),
       (210, 3, 'Amdoun', 'Menzel El Gourchi', 9084),
       (211, 3, 'Amdoun', 'El Hlikat', 9030),
       (212, 3, 'Amdoun', 'El Jouza', 9030),
       (213, 3, 'Amdoun', 'Sidi Mbarek', 9030),
       (214, 3, 'Amdoun', 'Sidi Saadoun', 9030),
       (215, 3, 'Amdoun', 'Zahret Mediene', 9030),
       (216, 3, 'Amdoun', 'Cite Taieb Mhiri', 9030),
       (217, 3, 'Amdoun', 'El Ghorfa', 9030),
       (218, 3, 'Amdoun', 'Gaat El Mouhdi', 9030),
       (219, 3, 'Amdoun', 'Adailia', 9030),
       (220, 3, 'Amdoun', 'Edhhirat', 9030),
       (221, 3, 'Amdoun', 'Cite Erraoudha', 9030),
       (222, 3, 'Amdoun', 'Cite Hached', 9030),
       (223, 3, 'Amdoun', 'Menzel Hammed', 9030),
       (224, 3, 'Amdoun', 'Ain Ghenem', 9030),
       (225, 3, 'Amdoun', 'Ghouzia', 9030),
       (226, 3, 'Amdoun', 'El Mjales', 9030),
       (227, 3, 'Amdoun', 'Ain El Goussa', 9030),
       (228, 3, 'Amdoun', 'Cite De La Poste', 9030),
       (229, 3, 'Amdoun', 'Remadhnia', 9030),
       (230, 3, 'Amdoun', 'El Homr', 9084),
       (231, 3, 'Amdoun', 'El Ayayda', 9084),
       (232, 3, 'Amdoun', 'Beni Melek', 9030),
       (233, 3, 'Amdoun', 'El Graia', 9030),
       (234, 3, 'Beja Nord', 'Cite Dhamene', 9000),
       (235, 3, 'Beja Nord', 'Cite Cnrps', 9000),
       (236, 3, 'Beja Nord', 'Cite Economie Du Nord', 9000),
       (237, 3, 'Beja Nord', 'Nagachia', 9000),
       (238, 3, 'Beja Nord', 'Ain Ksar Hadid', 9000),
       (239, 3, 'Beja Nord', 'Cite Salambo', 9000),
       (240, 3, 'Beja Nord', 'Cite El Mhella', 9000),
       (241, 3, 'Beja Nord', 'Cite El Boustene', 9000),
       (242, 3, 'Beja Nord', 'Cite Sidi Frej', 9000),
       (243, 3, 'Beja Nord', 'Cite Ksar Bardo', 9000),
       (244, 3, 'Beja Nord', 'Cite El Khadhra', 9000),
       (245, 3, 'Beja Nord', 'Lafarke', 9000),
       (246, 3, 'Beja Nord', 'Cite El Boukhari', 9000),
       (247, 3, 'Beja Nord', 'Cite Jardins', 9000),
       (248, 3, 'Beja Nord', 'Cite Garde Nationale', 9000),
       (249, 3, 'Beja Nord', 'Cite De La Police', 9000),
       (250, 3, 'Beja Nord', 'Cite Du Gouvernorat', 9000),
       (251, 3, 'Beja Nord', 'Cite El Khadhra Superieur', 9000),
       (252, 3, 'Beja Nord', 'Cite El Baraka', 9000),
       (253, 3, 'Beja Nord', 'Bou Keslane', 9000),
       (254, 3, 'Beja Nord', 'Cite Erriadhi 1', 9000),
       (255, 3, 'Beja Nord', 'Cite Usine Du Sucre2', 9000),
       (256, 3, 'Beja Nord', 'El Mzara', 9031),
       (257, 3, 'Beja Nord', 'Cite Usine Du Sucre1', 9000),
       (258, 3, 'Beja Nord', 'Cite El Biadha', 9000),
       (259, 3, 'Beja Nord', 'Cite El Moustakbel', 9000),
       (260, 3, 'Beja Nord', 'Tarhouni', 9000),
       (261, 3, 'Beja Nord', 'Cite Ain Chemes', 9000),
       (262, 3, 'Beja Nord', 'Cite Snit', 9000),
       (263, 3, 'Beja Nord', 'Cite El Mekmda', 9000),
       (264, 3, 'Beja Nord', 'Cite Boutraa', 9000),
       (265, 3, 'Beja Nord', 'Cite Des Roses', 9000),
       (266, 3, 'Beja Nord', 'Cite Beja El Jadida', 9000),
       (267, 3, 'Beja Nord', 'Cite Des Mimosas', 9000),
       (268, 3, 'Beja Nord', 'Cite Des Proffesseurs', 9000),
       (269, 3, 'Beja Nord', 'Beja', 9000),
       (270, 3, 'Beja Nord', 'Cite Ennouzha', 9000),
       (271, 3, 'Beja Nord', 'Cite Belle Vue', 9000),
       (272, 3, 'Beja Nord', 'Cite Essalem', 9000),
       (273, 3, 'Beja Nord', 'Cite Bir Hofra', 9000),
       (274, 3, 'Beja Nord', 'Cite Ibn Khaldoun', 9000),
       (275, 3, 'Beja Nord', 'Cite Ezzouhour', 9000),
       (276, 3, 'Beja Nord', 'Cite Salah El Maghraoui', 9000),
       (277, 3, 'Beja Nord', 'Cite Jebel El Akhdhar', 9000),
       (278, 3, 'Beja Nord', 'Cite El Habib', 9000),
       (279, 3, 'Beja Nord', 'Cite Ain Bazaz', 9000),
       (280, 3, 'Beja Nord', 'Hajar Amor', 9000),
       (281, 3, 'Beja Nord', 'Cite El Habibia', 9000),
       (282, 3, 'Beja Nord', 'Cite Taieb Mhiri', 9000),
       (283, 3, 'Beja Nord', 'Cite Essanaouber', 9000),
       (284, 3, 'Beja Nord', 'Charchara', 9000),
       (285, 3, 'Beja Nord', 'Cite Essalama', 9000),
       (286, 3, 'Beja Nord', 'Cite Pont Trageon', 9000),
       (287, 3, 'Beja Nord', 'Cite Edhahbia 2', 9000),
       (288, 3, 'Beja Nord', 'Cite Edhahbia 1', 9000),
       (289, 3, 'Beja Nord', 'Cite El Mzara', 9000),
       (290, 3, 'Beja Nord', 'Cite De La Sante 1', 9000),
       (291, 3, 'Beja Nord', 'Cite De La Sante 2', 9000),
       (292, 3, 'Beja Nord', 'Cite Erriadh 2', 9000),
       (293, 3, 'Beja Nord', 'Fatnassa', 9000),
       (294, 3, 'Beja Nord', 'Cite El Manar 2', 9000),
       (295, 3, 'Beja Nord', 'Cite Ain El Ghoula', 9000),
       (296, 3, 'Beja Nord', 'Cite El Manar 1', 9000),
       (297, 3, 'Beja Nord', 'Cite El Manar 4', 9000),
       (298, 3, 'Beja Nord', 'El Yousri', 9000),
       (299, 3, 'Beja Nord', 'Cite El Manar 3', 9000),
       (300, 3, 'Beja Nord', 'Cite El Haouari', 9000),
       (301, 3, 'Beja Nord', 'Cite El Manar 5', 9000),
       (302, 3, 'Beja Nord', 'Cite El Olfa', 9000),
       (303, 3, 'Beja Nord', 'Cite Afh', 9000),
       (304, 3, 'Beja Nord', 'El Mounchar', 9000),
       (305, 3, 'Beja Nord', 'El Hamrounia', 9000),
       (306, 3, 'Beja Nord', 'Cite S. R. Transport', 9000),
       (307, 3, 'Beja Nord', 'Kasseb', 9000),
       (308, 3, 'Beja Nord', 'Cite Echifa', 9000),
       (309, 3, 'Beja Sud', 'Cite El Amel', 9023),
       (310, 3, 'Beja Sud', 'Sidi Smail', 9021),
       (311, 3, 'Beja Sud', 'Hammam Sayala', 9052),
       (312, 3, 'Beja Sud', 'Mastouta', 9021),
       (313, 3, 'Beja Sud', 'El Maagoula', 9023),
       (314, 3, 'Beja Sud', 'Mastouta Gare', 9021),
       (315, 3, 'Beja Sud', 'Sidi Frej', 9029),
       (316, 3, 'Goubellat', 'Briouig', 9080),
       (317, 3, 'Goubellat', 'Khenguet Eddihenne', 9080),
       (318, 3, 'Goubellat', 'Cheik El Ouediane El Guebli', 9080),
       (319, 3, 'Goubellat', 'El Fedhailia', 9080),
       (320, 3, 'Goubellat', 'El Ogla', 9080),
       (321, 3, 'Goubellat', 'Bir El Euch', 9080),
       (322, 3, 'Goubellat', 'Cite Essanabel', 9080),
       (323, 3, 'Goubellat', 'Cite El Hana', 9080),
       (324, 3, 'Goubellat', 'Cite Populaire', 9080),
       (325, 3, 'Goubellat', 'Cite Des Fonctionnaires', 9080),
       (326, 3, 'Goubellat', 'Cite Ezzouhour', 9080),
       (327, 3, 'Goubellat', 'Goubellat', 9080),
       (328, 3, 'Goubellat', 'El Gammarti', 9080),
       (329, 3, 'Goubellat', 'Grame', 9083),
       (330, 3, 'Goubellat', 'Khacheb', 9080),
       (331, 3, 'Goubellat', 'Cite El Kamh', 9080),
       (332, 3, 'Goubellat', 'Ettraifa', 9080),
       (333, 3, 'Goubellat', 'Cite El Izdihar', 9080),
       (334, 3, 'Goubellat', 'Cite Essaada', 9080),
       (335, 3, 'Goubellat', 'Dour Ismail', 9080),
       (336, 3, 'Goubellat', 'Tella', 9080),
       (337, 3, 'Goubellat', 'Zone Industrielle', 9080),
       (338, 3, 'Mejez El Bab', 'Cite Des Proffesseurs', 9070),
       (339, 3, 'Mejez El Bab', 'Cite El Behi', 9070),
       (340, 3, 'Mejez El Bab', 'El Herri', 9075),
       (341, 3, 'Mejez El Bab', 'Cite Dhamene', 9070),
       (342, 3, 'Mejez El Bab', 'Sidi Mediene', 9034),
       (343, 3, 'Mejez El Bab', 'Cite Baccar', 9070),
       (344, 3, 'Mejez El Bab', 'Cite El Ferdaous 1', 9070),
       (345, 3, 'Mejez El Bab', 'Iden', 9070),
       (346, 3, 'Mejez El Bab', 'Cite El Fateh', 9070),
       (347, 3, 'Mejez El Bab', 'Cite El Menchari', 9070),
       (348, 3, 'Mejez El Bab', 'Mejez El Bab', 9070),
       (349, 3, 'Mejez El Bab', 'Cite Ettadhamen', 9070),
       (350, 3, 'Mejez El Bab', 'Cite Ezzouhour', 9070),
       (351, 3, 'Mejez El Bab', 'Cite Education', 9013),
       (352, 3, 'Mejez El Bab', 'Cite Essedk', 9070),
       (353, 3, 'Mejez El Bab', 'Cite De La Sante', 9070),
       (354, 3, 'Mejez El Bab', 'Cite El Bahrine', 9070),
       (355, 3, 'Mejez El Bab', 'El Griaat', 9071),
       (356, 3, 'Mejez El Bab', 'Cite El Azima 2', 9070),
       (357, 3, 'Mejez El Bab', 'Cite El Azima 3', 9070),
       (358, 3, 'Mejez El Bab', 'Hidous', 9070),
       (359, 3, 'Mejez El Bab', 'Oued Zarga', 9013),
       (360, 3, 'Mejez El Bab', 'Cite El Azima 1', 9070),
       (361, 3, 'Mejez El Bab', 'Toukabeur', 9024),
       (362, 3, 'Mejez El Bab', 'Oued Ezzitoun', 9013),
       (363, 3, 'Mejez El Bab', 'Cite Du Gouvernorat', 9070),
       (364, 3, 'Mejez El Bab', 'Louatia', 9013),
       (365, 3, 'Mejez El Bab', 'Cite Enfance', 9013),
       (366, 3, 'Mejez El Bab', 'Chaouech', 9072),
       (367, 3, 'Mejez El Bab', 'Cite El Hana', 9070),
       (368, 3, 'Mejez El Bab', 'Sidi Nasser', 9044),
       (369, 3, 'Mejez El Bab', 'Gueriche El Oued', 9070),
       (370, 3, 'Mejez El Bab', 'El Ksar', 9015),
       (371, 3, 'Mejez El Bab', 'Cite El Manar', 9070),
       (372, 3, 'Mejez El Bab', 'Cite De La Poste', 9013),
       (373, 3, 'Mejez El Bab', 'Cite Majerda', 9070),
       (374, 3, 'Mejez El Bab', 'Cite 02 Mars', 9071),
       (375, 3, 'Mejez El Bab', 'Sidi Ahmed Jedidi', 9070),
       (376, 3, 'Mejez El Bab', 'Argoub Ezzaatar', 9070),
       (377, 3, 'Mejez El Bab', 'Cite Erriadh', 9070),
       (378, 3, 'Mejez El Bab', 'Cite Jallazia', 9070),
       (379, 3, 'Nefza', 'Ettaref', 9012),
       (380, 3, 'Nefza', 'Bou Garnouna', 9012),
       (381, 3, 'Nefza', 'Ouled Kacem', 9010),
       (382, 3, 'Nefza', 'El Mecherga', 9012),
       (383, 3, 'Nefza', 'Zaga', 9012),
       (384, 3, 'Nefza', 'Oued Damous', 9010),
       (385, 3, 'Nefza', 'Oued Bouzenna', 9010),
       (386, 3, 'Nefza', 'Ain Zakkar', 9012),
       (387, 3, 'Nefza', 'Cite Ezzouhour', 9010),
       (388, 3, 'Nefza', 'Jemil', 9010),
       (389, 3, 'Nefza', 'Tababa', 9011),
       (390, 3, 'Nefza', 'Dar El Hit', 9010),
       (391, 3, 'Nefza', 'El Oulija', 9012),
       (392, 3, 'Nefza', 'Cite Essaada', 9010),
       (393, 3, 'Nefza', 'Ouled Houimel', 9010),
       (394, 3, 'Nefza', 'Cite De La Liberte', 9010),
       (395, 3, 'Nefza', 'Cite El Mhiri', 9010),
       (396, 3, 'Nefza', 'Ouechtata', 9012),
       (397, 3, 'Nefza', 'Cite Des Carrieres', 9010),
       (398, 3, 'Nefza', 'Cite Rim', 9010),
       (399, 3, 'Nefza', 'Oum Laabid', 9010),
       (400, 3, 'Nefza', 'El Mazdour', 9010),
       (401, 3, 'Nefza', 'Fatnassa', 9010),
       (402, 3, 'Nefza', 'Ouled Salem', 9012),
       (403, 3, 'Nefza', 'El Ayayada Jamila', 9010),
       (404, 3, 'Nefza', 'Nefza', 9010),
       (405, 3, 'Nefza', 'Cite Sidi Saad', 9010),
       (406, 3, 'Nefza', 'Beni Said', 9010),
       (407, 3, 'Nefza', 'Cite De La Poste', 9010),
       (408, 3, 'Nefza', 'Cite Mixte', 9010),
       (409, 3, 'Nefza', 'El Amamria', 9010),
       (410, 3, 'Nefza', 'Cite Des Roses', 9010),
       (411, 3, 'Nefza', 'Cite Independance', 9010),
       (412, 3, 'Nefza', 'Cite Mohsen Limam', 9010),
       (413, 3, 'Nefza', 'Jbel Diss', 9010),
       (414, 3, 'Nefza', 'El Hemaidia', 9012),
       (415, 3, 'Nefza', 'Cite Erriadh', 9010),
       (416, 3, 'Nefza', 'Ezzouaraa', 9012),
       (417, 3, 'Teboursouk', 'Ain El Melliti', 9040),
       (418, 3, 'Teboursouk', 'El Ayedh', 9040),
       (419, 3, 'Teboursouk', 'Cite El Gourjani', 9040),
       (420, 3, 'Teboursouk', 'Cite El Hadj Abdallah', 9040),
       (421, 3, 'Teboursouk', 'Ouled Marai', 9040),
       (422, 3, 'Teboursouk', 'Cite Meska', 9040),
       (423, 3, 'Teboursouk', 'Cite Ennacim 2', 9040),
       (424, 3, 'Teboursouk', 'Borj Brahim', 9032),
       (425, 3, 'Teboursouk', 'Cite El Glai', 9040),
       (426, 3, 'Teboursouk', 'Cite Ennacim 1', 9040),
       (427, 3, 'Teboursouk', 'Cite Ibn Khaldoun', 9040),
       (428, 3, 'Teboursouk', 'Cite El Bassatine', 9040),
       (429, 3, 'Teboursouk', 'Cite De La Republique', 9040),
       (430, 3, 'Teboursouk', 'Cite Ennacim', 9040),
       (431, 3, 'Teboursouk', 'Ain Jemmala', 9040),
       (432, 3, 'Teboursouk', 'Ain El Hammam', 9040),
       (433, 3, 'Teboursouk', 'Khalled', 9032),
       (434, 3, 'Teboursouk', 'Cite Oued Essah', 9040),
       (435, 3, 'Teboursouk', 'Bouzaida', 9040),
       (436, 3, 'Teboursouk', 'Cite Ibn Sina', 9040),
       (437, 3, 'Teboursouk', 'Dougga Rouines', 9040),
       (438, 3, 'Teboursouk', 'Cite Jardins', 9040),
       (439, 3, 'Teboursouk', 'Cite Des Martyrs', 9040),
       (440, 3, 'Teboursouk', 'El Faouar', 9040),
       (441, 3, 'Teboursouk', 'Ain El Kehoul', 9040),
       (442, 3, 'Teboursouk', 'Cite Du Stade', 9040),
       (443, 3, 'Teboursouk', 'Naffet', 9040),
       (444, 3, 'Teboursouk', 'Cite Industrielle', 9040),
       (445, 3, 'Teboursouk', 'Fadden Essouk', 9046),
       (446, 3, 'Teboursouk', 'Rihana', 9040),
       (447, 3, 'Teboursouk', 'Bir Ettouta', 9040),
       (448, 3, 'Teboursouk', 'El Matria', 9040),
       (449, 3, 'Teboursouk', 'Cite Ain Mrad', 9040),
       (450, 3, 'Teboursouk', 'Cite Ain El Karma', 9040),
       (451, 3, 'Teboursouk', 'Teboursouk', 9040),
       (452, 3, 'Teboursouk', 'Cite Ezzayatine 2', 9040),
       (453, 3, 'Teboursouk', 'Cite El Ksar', 9040),
       (454, 3, 'Teboursouk', 'Cite Ezzayatine 1', 9040),
       (455, 3, 'Teboursouk', 'Douga', 9032),
       (456, 3, 'Teboursouk', 'Cite Sidi Bagga', 9040),
       (457, 3, 'Testour', 'Cite El Malouf', 9060),
       (458, 3, 'Testour', 'Bab Bled', 9014),
       (459, 3, 'Testour', 'Cite El Folla', 9060),
       (460, 3, 'Testour', 'Ain Younes', 9060),
       (461, 3, 'Testour', 'El Mellah', 9014),
       (462, 3, 'Testour', 'Cite Ouled Slimane', 9014),
       (463, 3, 'Testour', 'Cite Beharnia', 9014),
       (464, 3, 'Testour', 'Jebel Fellous', 9014),
       (465, 3, 'Testour', 'Oued Jedra', 9060),
       (466, 3, 'Testour', 'Esslouguia', 9014),
       (467, 3, 'Testour', 'Cite 20 Mars', 9060),
       (468, 3, 'Testour', 'Cite El Bassatine', 9060),
       (469, 3, 'Testour', 'Cite Ennacim', 9060),
       (470, 3, 'Testour', 'Cite 26 Fevrier', 9060),
       (471, 3, 'Testour', 'Jlass Bou Issa', 9060),
       (472, 3, 'Testour', 'Cite Erraoudha', 9014),
       (473, 3, 'Testour', 'Cite Gharnata 1', 9060),
       (474, 3, 'Testour', 'Cite Gharnata 2', 9060),
       (475, 3, 'Testour', 'Cite Spiniair', 9060),
       (476, 3, 'Testour', 'Cite Bahrnia', 9014),
       (477, 3, 'Testour', 'Cite Ibn Zeidoun', 9060),
       (478, 3, 'Testour', 'Henchir Bou Sofra', 9061),
       (479, 3, 'Testour', 'Cite Ben Karouia', 9014),
       (480, 3, 'Testour', 'Cite Ben Othman', 9014),
       (481, 3, 'Testour', 'El Glaa', 9060),
       (482, 3, 'Testour', 'Ain Tounga', 9062),
       (483, 3, 'Testour', 'Cite Sidi Khouili', 9014),
       (484, 3, 'Testour', 'Ouled Slama', 9060),
       (485, 3, 'Testour', 'Rhiba', 9060),
       (486, 3, 'Testour', 'Ouljet Doukhane', 9014),
       (487, 3, 'Testour', 'Mezougha', 9060),
       (488, 3, 'Testour', 'Cite El Gadhoum', 9014),
       (489, 3, 'Testour', 'Cite Fedden Jemaa', 9014),
       (490, 3, 'Testour', 'Cite Essayadine', 9014),
       (491, 3, 'Testour', 'Testour', 9060),
       (492, 3, 'Testour', 'Cite Des Andalous', 9060),
       (493, 3, 'Testour', 'Esskhira', 9061),
       (494, 3, 'Testour', 'Cite Tijani', 9014),
       (495, 3, 'Testour', 'Cite El Izdihar', 9060),
       (496, 3, 'Testour', 'Cite Jabbess', 9014),
       (497, 3, 'Testour', 'Cite Dar Echabeb', 9014),
       (498, 3, 'Testour', 'Cite El Mendra', 9014),
       (499, 3, 'Testour', 'Cite Kichtilou', 9014),
       (500, 3, 'Testour', 'Cite Tafercha', 9014),
       (501, 3, 'Testour', 'Zeldou', 9060),
       (502, 3, 'Thibar', 'Cite Des Ouvriers', 9022),
       (503, 3, 'Thibar', 'El Henancha', 9042),
       (504, 3, 'Thibar', 'Ennechima', 9022),
       (505, 3, 'Thibar', 'Cite Ennour', 9022),
       (506, 3, 'Thibar', 'Djebba', 9042),
       (507, 3, 'Thibar', 'Cite Ibn Khaldoun', 9022),
       (508, 3, 'Thibar', 'Cite El Olfa', 9022),
       (509, 3, 'Thibar', 'Cite 2 Mars', 9022),
       (510, 3, 'Thibar', 'Ain Eddefali', 9042),
       (511, 3, 'Thibar', 'Cite Essalama', 9022),
       (512, 3, 'Thibar', 'Cite Hached', 9022),
       (513, 3, 'Thibar', 'Cite Commerciale', 9022),
       (514, 3, 'Thibar', 'Thibar', 9022),
       (515, 4, 'Ben Arous', 'Ben Arous', 2013),
       (516, 4, 'Ben Arous', 'Ben Arous Sud', 2043),
       (517, 4, 'Bou Mhel El Bassatine', 'Cite Essafa', 2097),
       (518, 4, 'Bou Mhel El Bassatine', 'Residence Ennacim', 2097),
       (519, 4, 'Bou Mhel El Bassatine', 'Residence Sarra', 2097),
       (520, 4, 'Bou Mhel El Bassatine', 'Cite El Bassatine Ancien', 2097),
       (521, 4, 'Bou Mhel El Bassatine', 'Cite El Wafa', 2097),
       (522, 4, 'Bou Mhel El Bassatine', 'Cite Ennacim 2', 2097),
       (523, 4, 'Bou Mhel El Bassatine', 'Cite Mezriou', 2097),
       (524, 4, 'Bou Mhel El Bassatine', 'Cite El Iklil', 2097),
       (525, 4, 'Bou Mhel El Bassatine', 'Cite Essalem', 2097),
       (526, 4, 'Bou Mhel El Bassatine', 'Cite Ben Gamra', 2097),
       (527, 4, 'Bou Mhel El Bassatine', 'Cite Ennacim 1', 2097),
       (528, 4, 'Bou Mhel El Bassatine', 'Cite El Khalij', 2097),
       (529, 4, 'Bou Mhel El Bassatine', 'Residence Sirine', 2097),
       (530, 4, 'Bou Mhel El Bassatine', 'Cite Chebil', 2097),
       (531, 4, 'Bou Mhel El Bassatine', 'Cite Diar Tounes', 2097),
       (532, 4, 'Bou Mhel El Bassatine', 'Cite Sprols', 2097),
       (533, 4, 'Bou Mhel El Bassatine', 'Residence Du Mediterrane', 2097),
       (534, 4, 'Bou Mhel El Bassatine', 'Cite Boutouria', 2097),
       (535, 4, 'Bou Mhel El Bassatine', 'Cite Ben Joud', 2097),
       (536, 4, 'Bou Mhel El Bassatine', 'Cite Bou Mhel', 2097),
       (537, 4, 'Bou Mhel El Bassatine', 'Cite El Kenani', 2097),
       (538, 4, 'Bou Mhel El Bassatine', 'Cite El Khalledi', 2097),
       (539, 4, 'Bou Mhel El Bassatine', 'Cite El Mahrajene 1', 2097),
       (540, 4, 'Bou Mhel El Bassatine', 'Cite El Mahrajene 2', 2097),
       (541, 4, 'Bou Mhel El Bassatine', 'Residence El Imara', 2097),
       (542, 4, 'Bou Mhel El Bassatine', 'Cite Hadrich', 2097),
       (543, 4, 'Bou Mhel El Bassatine', 'Cite El Ferchichi', 2097),
       (544, 4, 'Bou Mhel El Bassatine', 'Cite El Ahmadi', 2097),
       (545, 4, 'Bou Mhel El Bassatine', 'Cite Rabiaa', 2097),
       (546, 4, 'Bou Mhel El Bassatine', 'Residence Ezzouhour', 2097),
       (547, 4, 'Bou Mhel El Bassatine', 'Cite El Assil', 2097),
       (548, 4, 'Bou Mhel El Bassatine', 'Cite Jlassi', 2097),
       (549, 4, 'Bou Mhel El Bassatine', 'Cite Snit', 2097),
       (550, 4, 'Bou Mhel El Bassatine', 'Bou Mhel', 2097),
       (551, 4, 'Bou Mhel El Bassatine', 'Cite Des Juges', 2097),
       (552, 4, 'Bou Mhel El Bassatine', 'Cite El Amen', 2097),
       (553, 4, 'Bou Mhel El Bassatine', 'Cite El Mouna', 2097),
       (554, 4, 'Bou Mhel El Bassatine', 'Cite Plein Air', 2097),
       (555, 4, 'El Mourouj', 'Cite Ibn Jazzar 2', 2074),
       (556, 4, 'El Mourouj', 'Cite El Bochra', 2074),
       (557, 4, 'El Mourouj', 'Cite Ibn Mandhour', 2074),
       (558, 4, 'El Mourouj', 'Residence Chebbi', 2074),
       (559, 4, 'El Mourouj', 'Residence El Ouard', 2074),
       (560, 4, 'El Mourouj', 'Residence Essaad', 2074),
       (561, 4, 'El Mourouj', 'Bir El Kassaa', 2059),
       (562, 4, 'El Mourouj', 'Cite Commerciale Boukhriss', 2074),
       (563, 4, 'El Mourouj', 'Residence Ibn Khaldoun', 2074),
       (564, 4, 'El Mourouj', 'Cite El Mourouj 3 Bis', 2074),
       (565, 4, 'El Mourouj', 'Residence Sidi Bou Said', 2074),
       (566, 4, 'El Mourouj', 'Cite Jardins', 2074),
       (567, 4, 'El Mourouj', 'Residence Jinene El Mourouj', 2074),
       (568, 4, 'El Mourouj', 'El Alia 2', 2074),
       (569, 4, 'El Mourouj', 'Cite Ennakhil', 2074),
       (570, 4, 'El Mourouj', 'El Alia 3', 2074),
       (571, 4, 'El Mourouj', 'Residence Essaada', 2074),
       (572, 4, 'El Mourouj', 'El Alia 1', 2074),
       (573, 4, 'El Mourouj', 'Cite Alyssa 2', 2074),
       (574, 4, 'El Mourouj', 'Residence De La Verdure', 2074),
       (575, 4, 'El Mourouj', 'Residence Zahret El Mourouj', 2074),
       (576, 4, 'El Mourouj', 'Cite Alyssa 1', 2074),
       (577, 4, 'El Mourouj', 'Cite Taher Haddad', 2074),
       (578, 4, 'El Mourouj', 'El Mourouj', 2074),
       (579, 4, 'El Mourouj', 'Residence El Khalil', 2074),
       (580, 4, 'El Mourouj', 'Cite Commerciale Abou Sofiane', 2074),
       (581, 4, 'El Mourouj', 'Residence Ines', 2074),
       (582, 4, 'El Mourouj', 'Residence Ennesrine', 2074),
       (583, 4, 'El Mourouj', 'Residence Type', 2074),
       (584, 4, 'El Mourouj', 'Residence Ennacim', 2074),
       (585, 4, 'El Mourouj', 'Residence Meriem', 2074),
       (586, 4, 'El Mourouj', 'Cite Ennasr 1', 2074),
       (587, 4, 'El Mourouj', 'Cite Ennasr 2', 2074),
       (588, 4, 'El Mourouj', 'Cite Errachid 2', 2074),
       (589, 4, 'El Mourouj', 'Cite Errachid 1', 2074),
       (590, 4, 'El Mourouj', 'Cite Essalem', 2074),
       (591, 4, 'El Mourouj', 'Residence Essraya', 2074),
       (592, 4, 'El Mourouj', 'Cite El Faouz', 2074),
       (593, 4, 'El Mourouj', 'Cite El Foll', 2074),
       (594, 4, 'El Mourouj', 'Cite Des Oasis', 2074),
       (595, 4, 'El Mourouj', 'Cite El Bassatine', 2074),
       (596, 4, 'El Mourouj', 'Cite Ennarjes 1', 2074),
       (597, 4, 'El Mourouj', 'Cite Ennarjes 2', 2074),
       (598, 4, 'El Mourouj', 'Residence Ennaoures', 2074),
       (599, 4, 'El Mourouj', 'Cite Erraoudha', 2074),
       (600, 4, 'El Mourouj', 'Residence Erraboua', 2074),
       (601, 4, 'El Mourouj', 'Cite Erriadh 2', 2074),
       (602, 4, 'El Mourouj', 'Residence Ibn Zeidoun', 2074),
       (603, 4, 'El Mourouj', 'Residence Du Printemps', 2074),
       (604, 4, 'El Mourouj', 'Cite Azza 2', 2074),
       (605, 4, 'El Mourouj', 'Cite Azza 1', 2074),
       (606, 4, 'El Mourouj', 'Cite Moncef Bey', 2074),
       (607, 4, 'El Mourouj', 'Cite El Wifak', 2074),
       (608, 4, 'El Mourouj', 'Residence Chourouk 1', 2074),
       (609, 4, 'El Mourouj', 'Residence El Foll', 2074),
       (610, 4, 'El Mourouj', 'La Belle Residence', 2074),
       (611, 4, 'El Mourouj', 'Residence Chourouk 2', 2074),
       (612, 4, 'El Mourouj', 'Residence Chourouk 3', 2074),
       (613, 4, 'El Mourouj', 'Cite Yargoula', 2074),
       (614, 4, 'El Mourouj', 'Residence El Mourjene', 2074),
       (615, 4, 'El Mourouj', 'Residence El Wafa', 2074),
       (616, 4, 'El Mourouj', 'Cite Erriadh', 2074),
       (617, 4, 'Ezzahra', 'Cite Borj Louzir', 2034),
       (618, 4, 'Ezzahra', 'Cite Hedi Khfacha', 2034),
       (619, 4, 'Ezzahra', 'Cite Errachid', 2034),
       (620, 4, 'Ezzahra', 'Cite El Oulija', 2034),
       (621, 4, 'Ezzahra', 'Cite El Ward', 2065),
       (622, 4, 'Ezzahra', 'Cite 18 Janvier', 2034),
       (623, 4, 'Ezzahra', 'Cite Ben Miled', 2065),
       (624, 4, 'Ezzahra', 'Cite El Habib', 2065),
       (625, 4, 'Ezzahra', 'Cite El Yasmine', 2065),
       (626, 4, 'Ezzahra', 'Cite Du Wagon', 2034),
       (627, 4, 'Ezzahra', 'Cite El Ahlem', 2034),
       (628, 4, 'Ezzahra', 'Cite Imen', 2034),
       (629, 4, 'Ezzahra', 'Ezzahra El Habib', 2065),
       (630, 4, 'Ezzahra', 'Cite El Ouns', 2034),
       (631, 4, 'Ezzahra', 'Cite Industrielle', 2034),
       (632, 4, 'Ezzahra', 'Cite Du Port', 2034),
       (633, 4, 'Ezzahra', 'Cite El Ezz', 2034),
       (634, 4, 'Ezzahra', 'Cite Panorama', 2034),
       (635, 4, 'Ezzahra', 'Cite Mrad 2', 2034),
       (636, 4, 'Ezzahra', 'Cite El Akacia', 2034),
       (637, 4, 'Ezzahra', 'Cite Mrad 1', 2034),
       (638, 4, 'Ezzahra', 'Cite Ennakhil 1', 2034),
       (639, 4, 'Ezzahra', 'Cite Ennakhil 2', 2034),
       (640, 4, 'Ezzahra', 'Cite El Amen', 2034),
       (641, 4, 'Ezzahra', 'Cite El Houl', 2065),
       (642, 4, 'Ezzahra', 'Ezzahra', 2034),
       (643, 4, 'Ezzahra', 'Cite Ennasr', 2065),
       (644, 4, 'Ezzahra', 'Cite Erriadh', 2034),
       (645, 4, 'Fouchana', 'Cite Ennouzha', 2082),
       (646, 4, 'Fouchana', 'Cite El Fateh', 2082),
       (647, 4, 'Fouchana', 'Zone Industrielle El Meghira', 2082),
       (648, 4, 'Fouchana', 'Cite Brim', 2082),
       (649, 4, 'Fouchana', 'Naassen', 1135),
       (650, 4, 'Fouchana', 'Meghira Centre', 2082),
       (651, 4, 'Fouchana', 'El Menaychia', 2082),
       (652, 4, 'Fouchana', 'Cite 20 Mars', 2082),
       (653, 4, 'Fouchana', 'Cite El Ward', 2082),
       (654, 4, 'Fouchana', 'Fouchana', 2082),
       (655, 4, 'Fouchana', 'Cite El Amel 2', 2082),
       (656, 4, 'Fouchana', 'Cite Trabelsi', 2082),
       (657, 4, 'Fouchana', 'Chebedda', 1135),
       (658, 4, 'Fouchana', 'Cite Khouaja', 2082),
       (659, 4, 'Fouchana', 'Cite El Misk', 2082),
       (660, 4, 'Fouchana', 'Cite El Banefsej', 2082),
       (661, 4, 'Fouchana', 'Cite Ezzitoun 1', 2082),
       (662, 4, 'Fouchana', 'Cite Chebbi', 2082),
       (663, 4, 'Fouchana', 'Cite El Hana', 2082),
       (664, 4, 'Fouchana', 'Cite El Hidhab', 2082),
       (665, 4, 'Fouchana', 'Cite El Amel', 2082),
       (666, 4, 'Fouchana', 'Cite El Moustakbel', 2082),
       (667, 4, 'Fouchana', 'Cite Snit', 2082),
       (668, 4, 'Fouchana', 'Douar El Houch', 1135),
       (669, 4, 'Fouchana', 'Cite El Wifak', 2082),
       (670, 4, 'Fouchana', 'Bir Zendala', 1135),
       (671, 4, 'Fouchana', 'Cite El Izdihar', 2082),
       (672, 4, 'Fouchana', 'Meghira Inzel', 2082),
       (673, 4, 'Fouchana', 'Cite Ennasr', 2082),
       (674, 4, 'Fouchana', 'Cite Erriadh', 2082),
       (675, 4, 'Hammam Chott', 'Hammam Chott', 1164),
       (676, 4, 'Hammam Chott', 'Borj Cedria', 2084),
       (677, 4, 'Hammam Chott', 'Bir El Bey', 2055),
       (678, 4, 'Hammam Lif', 'Cite Des Ouvriers', 2050),
       (679, 4, 'Hammam Lif', 'Cite Boussouffara', 2099),
       (680, 4, 'Hammam Lif', 'Cite Essanaoubria', 2050),
       (681, 4, 'Hammam Lif', 'Cite Casino', 2050),
       (682, 4, 'Hammam Lif', 'Cite Ennouzha', 2050),
       (683, 4, 'Hammam Lif', 'Cite De La Municipalite', 2050),
       (684, 4, 'Hammam Lif', 'Cite Kortoba', 2050),
       (685, 4, 'Hammam Lif', 'Cite Ennahdha', 2050),
       (686, 4, 'Hammam Lif', 'Cite Bou Kornine 2', 2093),
       (687, 4, 'Hammam Lif', 'Cite Mongi Slim', 2050),
       (688, 4, 'Hammam Lif', 'Cite Des Instituteurs', 2050),
       (689, 4, 'Hammam Lif', 'Cite 7 Novembre', 2050),
       (690, 4, 'Hammam Lif', 'Bou Kornine', 2093),
       (691, 4, 'Hammam Lif', 'Cite Hached', 2050),
       (692, 4, 'Hammam Lif', 'Cite Thermale', 2050),
       (693, 4, 'Hammam Lif', 'Cite Dar El Bey', 2050),
       (694, 4, 'Hammam Lif', 'Cite Office Cereale', 2050),
       (695, 4, 'Hammam Lif', 'Hammam Lif', 2050),
       (696, 4, 'Hammam Lif', 'Cite Ennasr', 2050),
       (697, 4, 'Megrine', 'Megrine Coteau', 2033),
       (698, 4, 'Megrine', 'Megrine Jawhara', 2024),
       (699, 4, 'Megrine', 'Sidi Rezig', 2033),
       (700, 4, 'Megrine', 'Zone Industrielle Saint Gobin', 2014),
       (701, 4, 'Megrine', 'Megrine Riadh', 2014),
       (702, 4, 'Megrine', 'Megrine Chaker', 2024),
       (703, 4, 'Megrine', 'Megrine', 2033),
       (704, 4, 'Megrine', 'Saint Gobin', 2014),
       (705, 4, 'Megrine', 'Cite Founiz', 2014),
       (706, 4, 'Megrine', 'Megrine Superieur', 2033),
       (707, 4, 'Mohamadia', 'Cite El Haddad', 1145),
       (708, 4, 'Mohamadia', 'Cite Hached 2', 1145),
       (709, 4, 'Mohamadia', 'Residence El Ferdaous', 1145),
       (710, 4, 'Mohamadia', 'Cite Ennouzha', 1145),
       (711, 4, 'Mohamadia', 'Cite El Elmi 1', 1145),
       (712, 4, 'Mohamadia', 'Cite Ennacim 2', 1145),
       (713, 4, 'Mohamadia', 'Cite El Elmi 2', 1145),
       (714, 4, 'Mohamadia', 'Cite Ettouahria', 1145),
       (715, 4, 'Mohamadia', 'Cite Essalem', 1145),
       (716, 4, 'Mohamadia', 'Cite Du Lycee', 1145),
       (717, 4, 'Mohamadia', 'Cite Ellouata', 1145),
       (718, 4, 'Mohamadia', 'Cite Hached 1', 1145),
       (719, 4, 'Mohamadia', 'Cite Ennacim 1', 1145),
       (720, 4, 'Mohamadia', 'Cite Oudhna', 1145),
       (721, 4, 'Mohamadia', 'Cite El Bassatine', 1145),
       (722, 4, 'Mohamadia', 'Cite Ettayari', 1145),
       (723, 4, 'Mohamadia', 'Cite Fattouma Bourguiba', 1145),
       (724, 4, 'Mohamadia', 'Cite Taieb Mhiri', 1145),
       (725, 4, 'Mohamadia', 'Cite Jardins', 1145),
       (726, 4, 'Mohamadia', 'Cite Tnich', 1145),
       (727, 4, 'Mohamadia', 'Residence El Ouns', 1145),
       (728, 4, 'Mohamadia', 'Cite Bou Akroucha', 1145),
       (729, 4, 'Mohamadia', 'Cite Mongi Slim 2', 1145),
       (730, 4, 'Mohamadia', 'Residence Ettaoufik', 1145),
       (731, 4, 'Mohamadia', 'Cite Cebbalet Chikh', 1145),
       (732, 4, 'Mohamadia', 'Cite Mongi Slim 1', 1145),
       (733, 4, 'Mohamadia', 'Cite Essaada 1', 1145),
       (734, 4, 'Mohamadia', 'Cite Ezzitoun 2', 1145),
       (735, 4, 'Mohamadia', 'Cite Essaada 2', 1145),
       (736, 4, 'Mohamadia', 'Cite Chebbi', 1145),
       (737, 4, 'Mohamadia', 'Cite El Hana', 1145),
       (738, 4, 'Mohamadia', 'Cite Essaada 3', 1145),
       (739, 4, 'Mohamadia', 'Cite El Ksar', 1145),
       (740, 4, 'Mohamadia', 'Cite De La Carriere 1', 1145),
       (741, 4, 'Mohamadia', 'Cite Bourbai', 1145),
       (742, 4, 'Mohamadia', 'Cite De La Carriere 2', 1145),
       (743, 4, 'Mohamadia', 'Cite Chaabane', 1145),
       (744, 4, 'Mohamadia', 'Cite El Amen', 1145),
       (745, 4, 'Mohamadia', 'Cite Jawhara', 1145),
       (746, 4, 'Mohamadia', 'Cite El Atiq', 1145),
       (747, 4, 'Mohamadia', 'Cite El Baccouch', 1145),
       (748, 4, 'Mohamadia', 'Cite El Omri 2', 1145),
       (749, 4, 'Mohamadia', 'Cite El Omri 1', 1145),
       (750, 4, 'Mohamadia', 'Residence El Moustakbel', 1145),
       (751, 4, 'Mohamadia', 'Cite Ennasr', 1145),
       (752, 4, 'Mohamadia', 'Cite Erriadh', 1145),
       (753, 4, 'Mohamadia', 'Mohamadia', 1145),
       (754, 4, 'Mornag', 'Ettiayra', 2090),
       (755, 4, 'Mornag', 'Ferme Marquee', 2090),
       (756, 4, 'Mornag', 'Sidi Othman Landari', 2054),
       (757, 4, 'Mornag', 'Sondage', 2054),
       (758, 4, 'Mornag', 'Kouenjel', 2054),
       (759, 4, 'Mornag', 'El Haouamed', 2090),
       (760, 4, 'Mornag', 'Sidi Salem El Garci', 2064),
       (761, 4, 'Mornag', 'Errissala', 2044),
       (762, 4, 'Mornag', 'Sidi Saad', 2090),
       (763, 4, 'Mornag', 'Bou Jerdga', 2090),
       (764, 4, 'Mornag', 'Henchir Kharrouba', 2054),
       (765, 4, 'Mornag', 'Chamine', 2090),
       (766, 4, 'Mornag', 'El Kabouti', 2064),
       (767, 4, 'Mornag', 'El Ksibi', 2090),
       (768, 4, 'Mornag', 'Tarhouna 2', 2090),
       (769, 4, 'Mornag', 'Tarhouna 1', 2090),
       (770, 4, 'Mornag', 'Chala', 2090),
       (771, 4, 'Mornag', 'El Abebsa', 2064),
       (772, 4, 'Mornag', 'Mornag', 2090),
       (773, 4, 'Mornag', 'Jourjou', 2064),
       (774, 4, 'Mornag', 'Henchir El Ghobar', 2090),
       (775, 4, 'Mornag', 'Huilerie Bayrem', 2090),
       (776, 4, 'Mornag', 'Henchir Bouchta', 2090),
       (777, 4, 'Mornag', 'Douar La Porte', 2090),
       (778, 4, 'Mornag', 'Zaouit Mornag', 2090),
       (779, 4, 'Mornag', 'El Araba', 2090),
       (780, 4, 'Mornag', 'Cite Air Nouvelle', 2064),
       (781, 4, 'Mornag', 'El Fendria', 2064),
       (782, 4, 'Mornag', 'Borj Essoufi', 2090),
       (783, 4, 'Mornag', 'Mirghna', 2064),
       (784, 4, 'Mornag', 'Ain Regad', 2054),
       (785, 4, 'Mornag', 'Ahmed Zaied', 2090),
       (786, 4, 'Mornag', 'Khelidia', 2054),
       (787, 4, 'Mornag', 'Bir Jedid', 2054),
       (788, 4, 'Mornag', 'Ben Nouiji', 2090),
       (789, 4, 'Mornag', 'Douar Salem', 2090),
       (790, 4, 'Mornag', 'Sidi Messaoud', 2054),
       (791, 4, 'Mornag', 'Ouzra', 2090),
       (792, 4, 'Mornag', 'Henchir Khelil', 2090),
       (793, 4, 'Mornag', 'Cite Ettayarane', 2064),
       (794, 4, 'Mornag', 'El Alelgua', 2090),
       (795, 4, 'Mornag', 'Cite Ennasr', 2090),
       (796, 4, 'Mornag', 'El Gounna', 2054),
       (797, 4, 'Mornag', 'Barrouta', 2054),
       (798, 4, 'Mornag', 'Jebel Ersass', 2064),
       (799, 4, 'Nouvelle Medina', 'Nouvelle Medina', 2063),
       (800, 4, 'Nouvelle Medina', 'El Yasminette', 2096),
       (801, 4, 'Rades', 'Zone Petroliere', 1125),
       (802, 4, 'Rades', 'Rades 7 Novembre', 2018),
       (803, 4, 'Rades', 'Cite 20 Mars', 1125),
       (804, 4, 'Rades', 'Cite Sfaxi', 2040),
       (805, 4, 'Rades', 'Rades', 2040),
       (806, 4, 'Rades', 'Rades El Mrah', 2098),
       (807, 4, 'Rades', 'Rades Mongil', 2098),
       (808, 4, 'Rades', 'Rades Medina', 2098),
       (809, 4, 'Rades', 'Cite Rades 2', 2040),
       (810, 4, 'Rades', 'Ville Sportive', 2018),
       (811, 4, 'Rades', 'Cite Mohamed Ali', 2040),
       (812, 4, 'Rades', 'Cite Sncft', 2040),
       (813, 4, 'Rades', 'Rades Foret', 2098),
       (814, 4, 'Rades', 'Rades Saline', 1125),
       (815, 4, 'Rades', 'Village Mediterranee', 2018),
       (816, 4, 'Rades', 'Cite Ennour', 1125),
       (817, 4, 'Rades', 'Decouppage Haj Aleya', 2018),
       (818, 4, 'Rades', 'Rades Plage', 2040),
       (819, 4, 'Rades', 'Cite El Ezz', 2098),
       (820, 4, 'Rades', 'Rades Meliane', 2098),
       (821, 4, 'Rades', 'Zone Industrielle 2', 1125),
       (822, 4, 'Rades', 'Cite Snit', 2018),
       (823, 4, 'Rades', 'Zone Industrielle 1', 1125),
       (824, 4, 'Rades', 'Cite Taieb Mhiri 3', 2040),
       (825, 4, 'Rades', 'Cite Taieb Mhiri 1', 2040),
       (826, 4, 'Rades', 'Cite Taieb Mhiri 2', 2040),
       (827, 4, 'Rades', 'Chouchet Rades', 2040),
       (828, 4, 'Rades', 'Cite Nouvelle', 2098),
       (829, 5, 'Bizerte Nord', 'Fejjet Errih', 7029),
       (830, 5, 'Bizerte Nord', 'Cite Ain Meriem', 7053),
       (831, 5, 'Bizerte Nord', 'Cite Belvedere', 7000),
       (832, 5, 'Bizerte Nord', 'Cite Bougatfa', 7001),
       (833, 5, 'Bizerte Nord', 'Cite Militaire', 7002),
       (834, 5, 'Bizerte Nord', 'Cite De Paris', 7003),
       (835, 5, 'Bizerte Nord', 'Cite Nouvelle Plage', 7001),
       (836, 5, 'Bizerte Nord', 'Cite De La Sante', 7003),
       (837, 5, 'Bizerte Nord', 'Ennadhour', 7029),
       (838, 5, 'Bizerte Nord', 'Cite Ennacim', 7003),
       (839, 5, 'Bizerte Nord', 'Cite Erraouabi', 7003),
       (840, 5, 'Bizerte Nord', 'Marnissa', 7029),
       (841, 5, 'Bizerte Nord', 'Oued El Marj', 7003),
       (842, 5, 'Bizerte Nord', 'Cite Rafaha 2', 7053),
       (843, 5, 'Bizerte Nord', 'Cite De La Police', 7053),
       (844, 5, 'Bizerte Nord', 'Cite Rafaha 1', 7053),
       (845, 5, 'Bizerte Nord', 'Cite El Morjene 3', 7053),
       (846, 5, 'Bizerte Nord', 'Cite El Morjene 4', 7053),
       (847, 5, 'Bizerte Nord', 'Ksar Lahmar', 7029),
       (848, 5, 'Bizerte Nord', 'Sidi Ahmed', 7029),
       (849, 5, 'Bizerte Nord', 'Cite Bougatfa 2', 7053),
       (850, 5, 'Bizerte Nord', 'Cite De La Municipalite', 7001),
       (851, 5, 'Bizerte Nord', 'Cite El Hana', 7003),
       (852, 5, 'Bizerte Nord', 'Cite Chourouk Sidi Salem', 7003),
       (853, 5, 'Bizerte Nord', 'Cite El Korniche 3', 7053),
       (854, 5, 'Bizerte Nord', 'Cite El Korniche 1', 7053),
       (855, 5, 'Bizerte Nord', 'Cite El Korniche 2', 7053),
       (856, 5, 'Bizerte Nord', 'Cite Afh', 7053),
       (857, 5, 'Bizerte Nord', 'Ksiba', 7001),
       (858, 5, 'Bizerte Nord', 'Cite Ain Mariem', 7000),
       (859, 5, 'Bizerte Nord', 'Bizerte Bab Mateur', 7061),
       (860, 5, 'Bizerte Nord', 'Cite Hassen Nouri', 7001),
       (861, 5, 'Bizerte Nord', 'Cite Erriadh', 7001),
       (862, 5, 'Bizerte Nord', 'Bizerte', 7000),
       (863, 5, 'Bizerte Nord', 'Bizerte Bougatfa', 7053),
       (864, 5, 'Bizerte Sud', 'Borj Challouf', 7094),
       (865, 5, 'Bizerte Sud', 'El Mrazig', 7029),
       (866, 5, 'Bizerte Sud', 'Ain Jenane', 7029),
       (867, 5, 'Bizerte Sud', 'Bou Zaria', 7064),
       (868, 5, 'Bizerte Sud', 'Bizerte Hached', 7071),
       (869, 5, 'Bizerte Sud', 'Cite El Mourouj', 7011),
       (870, 5, 'Bizerte Sud', 'Cite Militaire', 7011),
       (871, 5, 'Bizerte Sud', 'La Pecherie', 7011),
       (872, 5, 'Bizerte Sud', 'Ain El Berda', 7029),
       (873, 5, 'Bizerte Sud', 'Methline', 7027),
       (874, 5, 'Bizerte Sud', 'Teskraya', 7036),
       (875, 5, 'Bizerte Sud', 'Louata', 7041),
       (876, 5, 'El Alia', 'Ezzitoune', 7081),
       (877, 5, 'El Alia', 'Khetmine', 7081),
       (878, 5, 'El Alia', 'El Hariza', 7016),
       (879, 5, 'El Alia', 'Impasse Ezzouhour', 7016),
       (880, 5, 'El Alia', 'El Alia', 7016),
       (881, 5, 'El Alia', 'Cite Independance', 7016),
       (882, 5, 'El Alia', 'Sidi Ali Chebab', 7093),
       (883, 5, 'Ghar El Melh', 'Cite 9 Avril', 7014),
       (884, 5, 'Ghar El Melh', 'Cite Khaled Ibn El Walid', 7014),
       (885, 5, 'Ghar El Melh', 'Cite El Amen', 7014),
       (886, 5, 'Ghar El Melh', 'Cite 7 Novembre', 7014),
       (887, 5, 'Ghar El Melh', 'Cite El Mourouj', 7014),
       (888, 5, 'Ghar El Melh', 'El Aousja', 7014),
       (889, 5, 'Ghar El Melh', 'Zouaouine', 7024),
       (890, 5, 'Ghar El Melh', 'Touibia', 7024),
       (891, 5, 'Ghar El Melh', 'Bajou', 7033),
       (892, 5, 'Ghar El Melh', 'Ghar El Melh', 7033),
       (893, 5, 'Ghar El Melh', 'Cite Nouvelle', 7014),
       (894, 5, 'Ghezala', 'El Jafna', 7040),
       (895, 5, 'Ghezala', 'Bou Jrir', 7040),
       (896, 5, 'Ghezala', 'Henchir Ettouila', 7040),
       (897, 5, 'Ghezala', 'El Atiba', 7040),
       (898, 5, 'Ghezala', 'Ain Rekoub', 7040),
       (899, 5, 'Ghezala', 'Beni Brahim', 7040),
       (900, 5, 'Ghezala', 'Cite Afh', 7040),
       (901, 5, 'Ghezala', 'Cite Snit', 7040),
       (902, 5, 'Ghezala', 'El Garia', 7040),
       (903, 5, 'Ghezala', 'Laouilia', 7040),
       (904, 5, 'Ghezala', 'Ouled El May', 7040),
       (905, 5, 'Ghezala', 'Cite Rurale', 7040),
       (906, 5, 'Ghezala', 'Ghezala', 7040),
       (907, 5, 'Ghezala', 'Cite Borj Deheb', 7040),
       (908, 5, 'Ghezala', 'Oued Ezzitoun', 7040),
       (909, 5, 'Jarzouna', 'Cite Ben Arous', 7021),
       (910, 5, 'Jarzouna', 'Cite Errsass', 7021),
       (911, 5, 'Jarzouna', 'Cite Errimel', 7021),
       (912, 5, 'Jarzouna', 'Cite Hamdoun', 7021),
       (913, 5, 'Jarzouna', 'Cite Mohamed Chehimi', 7021),
       (914, 5, 'Jarzouna', 'Cite Escaliers', 7021),
       (915, 5, 'Jarzouna', 'Cite Essadaka', 7021),
       (916, 5, 'Jarzouna', 'Cite Bouchoucha 2', 7021),
       (917, 5, 'Jarzouna', 'Cite Gabsi', 7021),
       (918, 5, 'Jarzouna', 'Cite Lune', 7021),
       (919, 5, 'Jarzouna', 'Cite Calyptus', 7021),
       (920, 5, 'Jarzouna', 'Cite Ennacim', 7021),
       (921, 5, 'Jarzouna', 'Cite Erraja 1', 7021),
       (922, 5, 'Jarzouna', 'Cite Erraja 2', 7021),
       (923, 5, 'Jarzouna', 'Cite Erraja 3', 7021),
       (924, 5, 'Jarzouna', 'Cite Jaziri', 7021),
       (925, 5, 'Jarzouna', 'Cite Du Soleil', 7021),
       (926, 5, 'Jarzouna', 'Cite Nouvelle', 7021),
       (5000, 5, 'Jarzouna', 'Cite Ovrire', 7021),
       (927, 5, 'Jarzouna', 'Jarzouna', 7021),
       (928, 5, 'Joumine', 'Joumine', 7020),
       (929, 5, 'Joumine', 'Smadah', 7020),
       (930, 5, 'Joumine', 'Sayah', 7020),
       (931, 5, 'Joumine', 'Bazina', 7012),
       (932, 5, 'Mateur', 'Oum Jenna', 7022),
       (933, 5, 'Mateur', 'Jabouz', 7022),
       (934, 5, 'Mateur', 'Henchir El Berna', 7050),
       (935, 5, 'Mateur', 'Tehent', 7030),
       (936, 5, 'Mateur', 'Ettaref', 7022),
       (937, 5, 'Mateur', 'Cite Essadaka', 7030),
       (938, 5, 'Mateur', 'Henchir El Kahla', 7022),
       (939, 5, 'Mateur', 'Jebel Ichkeul', 7030),
       (940, 5, 'Mateur', 'Cite El Omrane 1', 7030),
       (941, 5, 'Mateur', 'Cite Ezzouhour', 7030),
       (942, 5, 'Mateur', 'Cite Ennahdha', 7030),
       (943, 5, 'Mateur', 'Cite El Omrane 3', 7030),
       (944, 5, 'Mateur', 'Cite Montazah', 7030),
       (945, 5, 'Mateur', 'Cite El Omrane 2', 7030),
       (946, 5, 'Mateur', 'Cite Erraja 1', 7030),
       (947, 5, 'Mateur', 'Cite Erraja 2', 7030),
       (948, 5, 'Mateur', 'Cite Erraja 3', 7030),
       (949, 5, 'Mateur', 'Sidi Mansour', 7030),
       (950, 5, 'Mateur', 'Cite Hached', 7022),
       (951, 5, 'Mateur', 'Sidi Nsir', 7030),
       (952, 5, 'Mateur', 'Cite El Omrane 4', 7030),
       (953, 5, 'Mateur', 'Souidia', 7030),
       (954, 5, 'Mateur', 'Cite Zarrouk', 7030),
       (955, 5, 'Mateur', 'Sidi Salem', 7022),
       (956, 5, 'Mateur', 'Borj El Adouani', 7022),
       (957, 5, 'Mateur', 'Cite De La Fraternite', 7030),
       (958, 5, 'Mateur', 'El Aouana', 7030),
       (959, 5, 'Mateur', 'Mateur', 7030),
       (960, 5, 'Mateur', 'Mateur Hached', 7022),
       (961, 5, 'Mateur', 'Cite El Manar', 7030),
       (962, 5, 'Mateur', 'Cite Snit', 7030),
       (963, 5, 'Mateur', 'Cite Khemouma', 7030),
       (964, 5, 'Mateur', 'Cite De La Gare', 7030),
       (965, 5, 'Mateur', 'Cite Ennasr', 7030),
       (966, 5, 'Menzel Bourguiba', 'Cite La Ruche', 7050),
       (967, 5, 'Menzel Bourguiba', 'Menzel Bourguiba', 7050),
       (968, 5, 'Menzel Bourguiba', 'Cite De La Douane', 7050),
       (969, 5, 'Menzel Bourguiba', 'Menzel Bourguiba Ennajah', 7072),
       (970, 5, 'Menzel Bourguiba', 'Cite Sidi Yahya', 7050),
       (971, 5, 'Menzel Bourguiba', 'Jouaouda', 7042),
       (972, 5, 'Menzel Bourguiba', 'Cite Ben Aleya', 7050),
       (973, 5, 'Menzel Bourguiba', 'Cite Nouvelle', 7050),
       (974, 5, 'Menzel Jemil', 'Maghraoua', 7026),
       (975, 5, 'Menzel Jemil', 'Cite Des Oranges', 7026),
       (976, 5, 'Menzel Jemil', 'Cite El Baali', 7080),
       (977, 5, 'Menzel Jemil', 'Cite El Habib ( El Azib)', 7026),
       (978, 5, 'Menzel Jemil', 'Cite Bir Remel', 7080),
       (979, 5, 'Menzel Jemil', 'Cite El Haddadia', 7080),
       (980, 5, 'Menzel Jemil', 'Cite Ennouzha', 7080),
       (981, 5, 'Menzel Jemil', 'Menzel Jemil', 7080),
       (982, 5, 'Menzel Jemil', 'Cite Ettakaddoum', 7035),
       (983, 5, 'Menzel Jemil', 'El Azib', 7026),
       (984, 5, 'Menzel Jemil', 'Cite Bir Hmem', 7035),
       (985, 5, 'Menzel Jemil', 'Cite El Habib ( Menzel Jemil)', 7080),
       (986, 5, 'Menzel Jemil', 'Henchir El Moukaouimine', 7026),
       (987, 5, 'Menzel Jemil', 'Cite Driss Ben Frej', 7035),
       (988, 5, 'Menzel Jemil', 'Cite El Makarem', 7035),
       (989, 5, 'Menzel Jemil', 'Cite Rurale 2', 7026),
       (990, 5, 'Menzel Jemil', 'Cite Rurale 1', 7026),
       (991, 5, 'Menzel Jemil', 'Cite El Ahlem', 7080),
       (992, 5, 'Menzel Jemil', 'Cite El Batan', 7080),
       (993, 5, 'Menzel Jemil', 'Cite Ettaffala', 7080),
       (994, 5, 'Menzel Jemil', 'Cite Habib Arifa', 7080),
       (995, 5, 'Menzel Jemil', 'Cite Chamelle', 7035),
       (996, 5, 'Menzel Jemil', 'Menzel Abderrahman', 7035),
       (997, 5, 'Menzel Jemil', 'Cite Ettahrir', 7035),
       (998, 5, 'Menzel Jemil', 'El Ain El Kebira', 7035),
       (999, 5, 'Menzel Jemil', 'Cite 7 Novembre', 7026),
       (1000, 5, 'Menzel Jemil', 'Cite Independance', 7035),
       (1001, 5, 'Menzel Jemil', 'Cite El Hbess', 7080),
       (1002, 5, 'Menzel Jemil', 'Cite Nouvelle', 7080),
       (1003, 5, 'Ras Jebel', 'El Garia Ras Jebal', 7098),
       (1004, 5, 'Ras Jebel', 'Rafraf Plage', 7045),
       (1005, 5, 'Ras Jebel', 'Cite Ain Charchara', 7070),
       (1006, 5, 'Ras Jebel', 'Cite Kaa El Ballout', 7070),
       (1007, 5, 'Ras Jebel', 'Cite El Amel', 7015),
       (1008, 5, 'Ras Jebel', 'Cite Bir Ezzaarour', 7070),
       (1009, 5, 'Ras Jebel', 'Cite Ezzayatine', 7070),
       (1010, 5, 'Ras Jebel', 'Rafraf', 7015),
       (1011, 5, 'Ras Jebel', 'Beni Atta', 7075),
       (1012, 5, 'Ras Jebel', 'Ras Jebel', 7070),
       (1013, 5, 'Ras Jebel', 'Cite Taieb Mhiri', 7015),
       (1014, 5, 'Ras Jebel', 'Cap Zbib', 7034),
       (1015, 5, 'Ras Jebel', 'Sounine', 7025),
       (1016, 5, 'Ras Jebel', 'Cite El Benzarti', 7070),
       (1017, 5, 'Ras Jebel', 'Metline', 7034),
       (1018, 5, 'Sejnane', 'Cite Des Ouvriers', 7010),
       (1019, 5, 'Sejnane', 'Cite Ezzouhour 2', 7010),
       (1020, 5, 'Sejnane', 'Sidi Machreg', 7010),
       (1021, 5, 'Sejnane', 'Cite Mougaad', 7010),
       (1022, 5, 'Sejnane', 'Cite El Ghabette', 7010),
       (1023, 5, 'Sejnane', 'El Guetma', 7097),
       (1024, 5, 'Sejnane', 'Cite Ibn Khaldoun', 7010),
       (1025, 5, 'Sejnane', 'Cite Ezzouhour', 7010),
       (1026, 5, 'Sejnane', 'Cite El Bassatine', 7010),
       (1027, 5, 'Sejnane', 'El Abebsa', 7010),
       (1028, 5, 'Sejnane', 'Dhouahria', 7010),
       (1029, 5, 'Sejnane', 'Haddada', 7010),
       (1030, 5, 'Sejnane', 'Cite Taieb Mhiri', 7010),
       (1031, 5, 'Sejnane', 'Cite Commerciale', 7010),
       (1032, 5, 'Sejnane', 'Cite Essaada', 7010),
       (1033, 5, 'Sejnane', 'Cite Aouassia', 7010),
       (1034, 5, 'Sejnane', 'Cite Du Projet', 7010),
       (1035, 5, 'Sejnane', 'Cite Des Mines', 7010),
       (1036, 5, 'Sejnane', 'Cite El Mouasker', 7010),
       (1037, 5, 'Sejnane', 'Tamra', 7031),
       (1038, 5, 'Sejnane', 'Cite Air Nouvelle', 7010),
       (1039, 5, 'Sejnane', 'El Hania', 7010),
       (1040, 5, 'Sejnane', 'Sejnane', 7010),
       (1041, 5, 'Sejnane', 'Touajnia', 7010),
       (1042, 5, 'Sejnane', 'El Mrifeg', 7010),
       (1043, 5, 'Sejnane', 'Cite Khaled Ibn El Walid', 7010),
       (1044, 5, 'Sejnane', 'Cite Sidi Mansour', 7010),
       (1045, 5, 'Sejnane', 'Essmayria', 7010),
       (1046, 5, 'Tinja', 'Ain Faroua', 7032),
       (1047, 5, 'Tinja', 'Tinja', 7032),
       (1048, 5, 'Tinja', 'Cite El Fouladh', 7032),
       (1049, 5, 'Tinja', 'Cite Zghaba', 7032),
       (1050, 5, 'Tinja', 'Cite Sprols', 7032),
       (1051, 5, 'Tinja', 'Cite De Le Liberte', 7032),
       (1052, 5, 'Tinja', 'Cite Douar Chott', 7032),
       (1053, 5, 'Tinja', 'Cite El Khadhraoui', 7032),
       (1054, 5, 'Tinja', 'Kharrata', 7032),
       (1055, 5, 'Tinja', 'Cite El Fateh', 7032),
       (1056, 5, 'Tinja', 'Cite Sidi Rezig', 7032),
       (1057, 5, 'Tinja', 'Cite Ikbal', 7032),
       (1058, 5, 'Utique', 'Cite Chateau D Eau', 7060),
       (1059, 5, 'Utique', 'Cite Ejjamaa', 7060),
       (1060, 5, 'Utique', 'Bach Hamba', 7043),
       (1061, 5, 'Utique', 'Cite Houmet Souk', 7060),
       (1062, 5, 'Utique', 'El Bhalil Chargui', 7013),
       (1063, 5, 'Utique', 'Cite Ezzayatine', 7060),
       (1064, 5, 'Utique', 'El Mabtouh', 7023),
       (1065, 5, 'Utique', 'Ain Smara', 7013),
       (1066, 5, 'Utique', 'Cite De La Poste', 7060),
       (1067, 5, 'Utique', 'El Besbassia', 7013),
       (1068, 5, 'Utique', 'Essakak', 7023),
       (1069, 5, 'Utique', 'Lahouidh', 7060),
       (1070, 5, 'Utique', 'Cite De La Laiterie', 7060),
       (1071, 5, 'Utique', 'El Brij', 7013),
       (1072, 5, 'Utique', 'Degma', 7023),
       (1073, 5, 'Utique', 'Utique', 7060),
       (1074, 5, 'Utique', 'Utique Nouvelle', 7063),
       (1075, 5, 'Utique', 'Sidi Othman', 7023),
       (1076, 5, 'Utique', 'Ghornata', 7060),
       (1077, 5, 'Utique', 'Ain Ghelal', 7013),
       (1078, 5, 'Utique', 'Cite Bourguiba', 7060),
       (1079, 5, 'Utique', 'El Fejja', 7013),
       (1080, 6, 'El Hamma', 'Beni Ghilouf', 6062),
       (1081, 6, 'El Hamma', 'Chenchou', 6095),
       (1082, 6, 'El Hamma', 'Sombat', 6013),
       (1083, 6, 'El Hamma', 'Bou Attouche', 6027),
       (1084, 6, 'El Hamma', 'El Hamma Sud', 6060),
       (1085, 6, 'El Hamma', 'Bechima', 6092),
       (1086, 6, 'El Hamma', 'El Hamma', 6020),
       (5004, 6, 'El Metouia', 'Cite Ennacim', 6010),
       (5005, 6, 'El Metouia', 'Cite Ennacim', 6052),
       (1087, 6, 'El Metouia', 'El Metouia', 6010),
       (1088, 6, 'El Metouia', 'Oued El Ghram', 6010),
       (1089, 6, 'El Metouia', 'El Aouinette', 6010),
       (1090, 6, 'El Metouia', 'Cite El Mrachda', 6010),
       (1091, 6, 'El Metouia', 'Cite Essalem', 6052),
       (1092, 6, 'El Metouia', 'El Akarit', 6042),
       (1093, 6, 'El Metouia', 'Oudhref', 6052),
       (1094, 6, 'El Metouia', 'Cite Ezzouhour', 6010),
       (1095, 6, 'El Metouia', 'Cite Nehila Farhat', 6010),
       (1096, 6, 'El Metouia', 'Cite Kheireddine', 6052),
       (1097, 6, 'El Metouia', 'Metouia El Maya', 6089),
       (1098, 6, 'El Metouia', 'El Mida', 6052),
       (1099, 6, 'El Metouia', 'Cite El Maya', 6010),
       (1100, 6, 'El Metouia', 'El Imarat', 6010),
       (1101, 6, 'El Metouia', 'El Hicha', 6042),
       (1102, 6, 'El Metouia', 'Ouali', 6052),
       (1103, 6, 'El Metouia', 'Cite El Fankar', 6010),
       (5006, 6, 'Gabes Medina', 'Cite 26-26', 6061),
       (1104, 6, 'Gabes Medina', 'Gabes', 6000),
       (1105, 6, 'Gabes Medina', 'Cite El Ouns', 6000),
       (1106, 6, 'Gabes Medina', 'El Mouazir', 6000),
       (1107, 6, 'Gabes Medina', 'Cite Mohamed Ali', 6000),
       (1108, 6, 'Gabes Medina', 'Remathi', 6000),
       (1109, 6, 'Gabes Medina', 'Cite El Hana', 6000),
       (1110, 6, 'Gabes Medina', 'Cite El Bled', 6061),
       (1111, 6, 'Gabes Medina', 'Cite El Mansoura', 6000),
       (1112, 6, 'Gabes Medina', 'Gabes El Hidaya', 6099),
       (1113, 6, 'Gabes Medina', 'Cite Des Oasis', 6000),
       (1114, 6, 'Gabes Medina', 'Gabes Port', 6071),
       (1115, 6, 'Gabes Medina', 'Cite Ben Kilani', 6000),
       (1116, 6, 'Gabes Medina', 'Gabes Republique', 6040),
       (1117, 6, 'Gabes Medina', 'Cite El Khalij', 6000),
       (1118, 6, 'Gabes Medina', 'Cite El Korniche', 6000),
       (1119, 6, 'Gabes Medina', 'Oued Khelifa Mahmoud', 6000),
       (1120, 6, 'Gabes Medina', 'Cite Commerciale', 6000),
       (1121, 6, 'Gabes Medina', 'Gabes Hached', 6001),
       (1122, 6, 'Gabes Medina', 'Chott Essalem', 6061),
       (1123, 6, 'Gabes Medina', 'Limaoua', 6000),
       (1124, 6, 'Gabes Medina', 'Cite El Ftarcha', 6061),
       (1125, 6, 'Gabes Ouest', 'Barguia', 6041),
       (1126, 6, 'Gabes Ouest', 'Bou Chemma', 6031),
       (1127, 6, 'Gabes Ouest', 'Cite Ettahrir', 6031),
       (1128, 6, 'Gabes Ouest', 'Cite 2 Mars', 6031),
       (1129, 6, 'Gabes Ouest', 'Maita', 6041),
       (1130, 6, 'Gabes Ouest', 'Nahal', 6051),
       (1131, 6, 'Gabes Ouest', 'Chenini Gabes', 6041),
       (5007, 6, 'Gabes Sud', 'Cite Afh', 6012),
       (5008, 6, 'Gabes Sud', 'Cite Afh', 6072),
       (1132, 6, 'Gabes Sud', 'Cite Des Infirmiers', 6014),
       (1133, 6, 'Gabes Sud', 'Cite Ezzouhour 2', 6014),
       (1134, 6, 'Gabes Sud', 'Cite Hached 2', 6014),
       (1135, 6, 'Gabes Sud', 'Sidi Boulbaba', 6012),
       (1136, 6, 'Gabes Sud', 'Cite El Wafa', 6032),
       (1137, 6, 'Gabes Sud', 'Teboulbou', 6032),
       (1138, 6, 'Gabes Sud', 'Cite Des Enseignants', 6014),
       (1139, 6, 'Gabes Sud', 'Cite El Medina', 6011),
       (1140, 6, 'Gabes Sud', 'Cite Hached 1', 6014),
       (1141, 6, 'Gabes Sud', 'Cite Ezzouhour 1', 6014),
       (1142, 6, 'Gabes Sud', 'Cite Ibn Khaldoun', 6014),
       (1143, 6, 'Gabes Sud', 'Cite Militaire Dimassi', 6012),
       (1144, 6, 'Gabes Sud', 'Cite El Amel 4', 6033),
       (1145, 6, 'Gabes Sud', 'Cite Azaiez', 6014),
       (1146, 6, 'Gabes Sud', 'Cite El Amel 3', 6033),
       (1147, 6, 'Gabes Sud', 'Cite El Amel 2', 6033),
       (1148, 6, 'Gabes Sud', 'Cite El Yasmine', 6014),
       (1149, 6, 'Gabes Sud', 'Cite Sprols', 6072),
       (1150, 6, 'Gabes Sud', 'El Mdou', 6022),
       (1151, 6, 'Gabes Sud', 'Cite El Amel 1', 6033),
       (1152, 6, 'Gabes Sud', 'Cite Bidani', 6012),
       (1153, 6, 'Gabes Sud', 'Cite El Amel 6', 6033),
       (1154, 6, 'Gabes Sud', 'Cite El Hana Boudoura', 6012),
       (1155, 6, 'Gabes Sud', 'Cite Hached', 6032),
       (1156, 6, 'Gabes Sud', 'Cite El Amel 5', 6033),
       (1157, 6, 'Gabes Sud', 'Cite Ennozh', 6014),
       (1158, 6, 'Gabes Sud', 'Zrig', 6072),
       (1159, 6, 'Gabes Sud', 'Cite El Maarifa', 6033),
       (1160, 6, 'Gabes Sud', 'Cite El Misk', 6012),
       (1161, 6, 'Gabes Sud', 'Cite El Guefercha', 6072),
       (1162, 6, 'Gabes Sud', 'Gabes El Menara', 6011),
       (1163, 6, 'Gabes Sud', 'Cite Ancien Militaire', 6012),
       (1164, 6, 'Gabes Sud', 'Cite El Ahrach', 6072),
       (1165, 6, 'Gabes Sud', 'Cite Ennakhil', 6033),
       (1166, 6, 'Gabes Sud', 'Cite Ennour', 6033),
       (1167, 6, 'Gabes Sud', 'Cite Esseptia', 6014),
       (1168, 6, 'Gabes Sud', 'Cite El Mzahid', 6014),
       (1169, 6, 'Gabes Sud', 'Cite Rhouma', 6012),
       (1170, 6, 'Gabes Sud', 'Cite El Amel', 6033),
       (1171, 6, 'Gabes Sud', 'Mtorrech', 6014),
       (1172, 6, 'Gabes Sud', 'Cite Medenine', 6011),
       (1173, 6, 'Gabes Sud', 'Cite Snit', 6072),
       (1174, 6, 'Gabes Sud', 'Cite Bedis', 6032),
       (1175, 6, 'Gabes Sud', 'Cite 7 Novembre', 6032),
       (1176, 6, 'Gabes Sud', 'Cite El Izdihar', 6011),
       (1177, 6, 'Gabes Sud', 'Cite De La Famille', 6014),
       (1178, 6, 'Ghannouche', 'Cite Errimel', 6021),
       (1179, 6, 'Ghannouche', 'Cite Ettahrir', 6021),
       (1180, 6, 'Ghannouche', 'Ghannouche', 6021),
       (1181, 6, 'Ghannouche', 'Cite El Izdihar', 6021),
       (1182, 6, 'Mareth', 'Mejni', 6080),
       (1183, 6, 'Mareth', 'Betahra', 6081),
       (1184, 6, 'Mareth', 'Braouka', 6080),
       (1185, 6, 'Mareth', 'Cite Ennouzha', 6080),
       (1186, 6, 'Mareth', 'Ayoune Ezzerkine', 6015),
       (1187, 6, 'Mareth', 'Cite Debaba', 6080),
       (1188, 6, 'Mareth', 'Cite El Masla', 6080),
       (1189, 6, 'Mareth', 'Cite Populaire', 6036),
       (1190, 6, 'Mareth', 'Ezzerkine', 6056),
       (1191, 6, 'Mareth', 'El Akhmes', 6080),
       (1192, 6, 'Mareth', 'Ancien Bled', 6080),
       (1193, 6, 'Mareth', 'Cite El Kribia', 6080),
       (1194, 6, 'Mareth', 'El Kaouakba', 6080),
       (1195, 6, 'Mareth', 'El Alaya', 6023),
       (1196, 6, 'Mareth', 'Dekhilet Toujane', 6055),
       (1197, 6, 'Mareth', 'Ourifen', 6080),
       (1198, 6, 'Mareth', 'Cite Commerciale', 6080),
       (1199, 6, 'Mareth', 'Cite El Ghardek2', 6080),
       (1200, 6, 'Mareth', 'Zarat', 6026),
       (1201, 6, 'Mareth', 'Cite El Argoub', 6080),
       (1202, 6, 'Mareth', 'Cite El Ghardek3', 6080),
       (1203, 6, 'Mareth', 'Cite Garde Nationale', 6080),
       (1204, 6, 'Mareth', 'Cite El Ghardek1', 6080),
       (1205, 6, 'Mareth', 'Zrig El Ghandri', 6036),
       (1206, 6, 'Mareth', 'Cite El Hafaya', 6080),
       (1207, 6, 'Mareth', 'Arram', 6016),
       (1208, 6, 'Mareth', 'Ain Tounine', 6035),
       (1209, 6, 'Mareth', 'El Frada', 6080),
       (1210, 6, 'Mareth', 'Zmorten', 6080),
       (1211, 6, 'Mareth', 'Zrig El Barrania', 6036),
       (1212, 6, 'Mareth', 'Mazraa Ben Slama', 6080),
       (1213, 6, 'Mareth', 'Mareth', 6080),
       (1214, 6, 'Mareth', 'Cite El Melayha', 6080),
       (1215, 6, 'Mareth', 'Sidi Touati', 6046),
       (1216, 6, 'Mareth', 'Oued El Ghirane', 6080),
       (1217, 6, 'Mareth', 'Cite El Amel', 6080),
       (1218, 6, 'Mareth', 'Betahra Sud', 6080),
       (1219, 6, 'Mareth', 'Oued El Hajel', 6036),
       (1220, 6, 'Mareth', 'Cite Snit', 6080),
       (1221, 6, 'Mareth', 'Azeiza', 6080),
       (1222, 6, 'Mareth', 'Graa Beiri', 6080),
       (1223, 6, 'Mareth', 'Sidi Slam', 6036),
       (1224, 6, 'Mareth', 'Cite El Charfia', 6080),
       (1225, 6, 'Mareth', 'Kettana', 6036),
       (1226, 6, 'Mareth', 'Toujane', 6045),
       (1227, 6, 'Matmata', 'Techine', 6034),
       (1228, 6, 'Matmata', 'Cite Mohamed Ali', 6070),
       (1229, 6, 'Matmata', 'Cite Hedi Chaker', 6070),
       (1230, 6, 'Matmata', 'Cite El Azezna', 6070),
       (1231, 6, 'Matmata', 'Cite Hafi Rassa', 6070),
       (1232, 6, 'Matmata', 'Bou Dhafer', 6070),
       (1233, 6, 'Matmata', 'Cite Ras El Oued', 6070),
       (1234, 6, 'Matmata', 'Tamezrat', 6054),
       (1235, 6, 'Matmata', 'Tijma', 6070),
       (1236, 6, 'Matmata', 'Cite Independance', 6070),
       (1237, 6, 'Matmata', 'Zriba', 6070),
       (1238, 6, 'Matmata', 'Matmata', 6070),
       (1239, 6, 'Matmata', 'Chouabet Esmaala', 6070),
       (1240, 6, 'Matmata', 'Haddej', 6070),
       (1241, 6, 'Matmata', 'Taoujout', 6070),
       (1242, 6, 'Matmata', 'Ksar Beni Aissa', 6070),
       (1243, 6, 'Menzel Habib', 'Mehamla', 6030),
       (1244, 6, 'Menzel Habib', 'El Mida', 6030),
       (1245, 6, 'Menzel Habib', 'Hejri', 6030),
       (1246, 6, 'Menzel Habib', 'El Fejij', 6030),
       (1247, 6, 'Menzel Habib', 'Zograta', 6030),
       (1248, 6, 'Menzel Habib', 'Menzel Habib', 6030),
       (1249, 6, 'Menzel Habib', 'Ouali', 6030),
       (1250, 6, 'Menzel Habib', 'Ouled Dhaou', 6030),
       (1251, 6, 'Menzel Habib', 'Oued Ezzitoun', 6030),
       (1252, 6, 'Nouvelle Matmata', 'Cite Ouled Slama', 6044),
       (1253, 6, 'Nouvelle Matmata', 'Mzaten', 6025),
       (1254, 6, 'Nouvelle Matmata', 'Cite Edechaicha', 6044),
       (1255, 6, 'Nouvelle Matmata', 'Nouvelle Matmata', 6044),
       (1256, 6, 'Nouvelle Matmata', 'Zaten Haddej', 6043),
       (1257, 6, 'Nouvelle Matmata', 'Sidi Gnaou', 6024),
       (1258, 6, 'Nouvelle Matmata', 'Oued El Harika', 6043),
       (1259, 6, 'Nouvelle Matmata', 'Beni Zelten', 6025),
       (1260, 6, 'Nouvelle Matmata', 'El Amra', 6025),
       (1261, 6, 'Nouvelle Matmata', 'Zaten Beni Zelten', 6043),
       (1262, 6, 'Nouvelle Matmata', 'Chobet Chemlali', 6044),
       (1263, 6, 'Nouvelle Matmata', 'Nouvelle Zraoua', 6024),
       (1264, 6, 'Nouvelle Matmata', 'Laffam', 6043),
       (1265, 6, 'Nouvelle Matmata', 'Cite Guedouala', 6044),
       (1266, 6, 'Nouvelle Matmata', 'Ezzahra', 6025),
       (1267, 6, 'Nouvelle Matmata', 'Cite El Izdihar', 6044),
       (1268, 6, 'Nouvelle Matmata', 'Douiouira', 6044),
       (1269, 6, 'Nouvelle Matmata', 'Bou Sbah', 6044),
       (1270, 6, 'Nouvelle Matmata', 'Ancienne Zraoua', 6024),
       (1271, 6, 'Nouvelle Matmata', 'Dhokara', 6044),
       (1272, 24, 'Belkhir', 'Bou Blel', 2135),
       (1273, 24, 'Belkhir', 'Cite Ouled Hmida', 2115),
       (1274, 24, 'Belkhir', 'Ouled El Haj', 2115),
       (1275, 24, 'Belkhir', 'Ouled Zaied', 2135),
       (1276, 24, 'Belkhir', 'El Ayaicha', 2139),
       (1277, 24, 'Belkhir', 'Jebilet El Oust', 2135),
       (1278, 24, 'Belkhir', 'Baten Zammour', 2135),
       (1279, 24, 'Belkhir', 'Cite Ouled Bel Hassen', 2115),
       (1280, 24, 'Belkhir', 'Jebel Ayaicha', 2139),
       (1281, 24, 'Belkhir', 'Ezzitouna', 2139),
       (1282, 24, 'Belkhir', 'Cite Ouled Haj Ali', 2115),
       (1283, 24, 'Belkhir', 'Cite Ouled Ben Jeddou', 2115),
       (1284, 24, 'Belkhir', 'Cite Ouled Saad', 2115),
       (1285, 24, 'Belkhir', 'Haouel El Oued', 2135),
       (1286, 24, 'Belkhir', 'Belkhir', 2115),
       (1287, 24, 'Belkhir', 'Boukou', 2135),
       (1288, 24, 'Belkhir', 'El Akteb', 2139),
       (1289, 24, 'Belkhir', 'Borj El Haffey', 2115),
       (1290, 24, 'El Guettar', 'Nchiou', 2181),
       (1291, 24, 'El Guettar', 'Cite Orbata Ouest', 2180),
       (1292, 24, 'El Guettar', 'Cite Orbata Est', 2180),
       (1293, 24, 'El Guettar', 'El Amaiem', 2180),
       (1294, 24, 'El Guettar', 'Bir Saad', 2180),
       (1295, 24, 'El Guettar', 'Ouled Bou Saad', 2145),
       (1296, 24, 'El Guettar', 'Bou Omrane', 2125),
       (1297, 24, 'El Guettar', 'Cite Populaire', 2180),
       (1298, 24, 'El Guettar', 'Lortes', 2183),
       (1299, 24, 'El Guettar', 'Cite Sprols', 2180),
       (1300, 24, 'El Guettar', 'El Guettar', 2180),
       (1301, 24, 'El Guettar', 'Cite Populaire Route Gabes', 2180),
       (1302, 24, 'El Guettar', 'Majni', 2180),
       (1303, 24, 'El Guettar', 'Cite Okba', 2180),
       (1304, 24, 'El Ksar', 'Gafsa Aeroport', 2151),
       (1305, 24, 'El Ksar', 'Cite Bab Ettoub', 2111),
       (1306, 24, 'El Ksar', 'Cite El Kaouafel', 2111),
       (1307, 24, 'El Ksar', 'Sbat', 2111),
       (1308, 24, 'El Ksar', 'Cite Ben Doula', 2111),
       (1309, 24, 'El Ksar', 'Cite Essouani', 2111),
       (1310, 24, 'El Ksar', 'Cite El Khil', 2111),
       (1311, 24, 'El Ksar', 'Cite Ragouba', 2111),
       (1312, 24, 'El Ksar', 'Gafsa Gare', 2111),
       (1313, 24, 'El Ksar', 'Ouled Chrait', 2111),
       (1314, 24, 'El Ksar', 'Cite Des Cadres', 2111),
       (1315, 24, 'El Ksar', 'Cite Batiments', 2111),
       (1316, 24, 'El Ksar', 'Lala', 2121),
       (1317, 24, 'El Ksar', 'El Ksar', 2111),
       (1318, 24, 'El Ksar', 'Erragouba', 2169),
       (1319, 24, 'El Ksar', 'Cite Ben Slimene', 2111),
       (1320, 24, 'El Ksar', 'Cite Bouranene', 2111),
       (1321, 24, 'El Ksar', 'Cite Ben Issaoui', 2111),
       (1322, 24, 'El Ksar', 'Cite De La Gare', 2111),
       (1323, 24, 'El Ksar', 'Cite Ecole', 2111),
       (1324, 24, 'El Ksar', 'Cite El Ajama', 2111),
       (1325, 24, 'El Ksar', 'Cite El Mancher', 2111),
       (1326, 24, 'El Mdhilla', 'Cite Stade Ouvriere Est', 2170),
       (1327, 24, 'El Mdhilla', 'Borj El Mdhilla', 2173),
       (1328, 24, 'El Mdhilla', 'Cite Des Jeunes', 2170),
       (1329, 24, 'El Mdhilla', 'Cite Ennacim', 2170),
       (1330, 24, 'El Mdhilla', 'Cite Ouest', 2170),
       (1331, 24, 'El Mdhilla', 'Jebel Mdhilla', 2170),
       (1332, 24, 'El Mdhilla', 'Cite Essaada', 2170),
       (1333, 24, 'El Mdhilla', 'Cite Ouvriere 2', 2170),
       (1334, 24, 'Gafsa Nord', 'Menzel Mimoun', 2141),
       (1335, 24, 'Gafsa Nord', 'Ouled Zid', 2196),
       (1336, 24, 'Gafsa Nord', 'Echabiba', 2196),
       (1337, 24, 'Gafsa Sud', 'Cite Cherif', 2100),
       (1338, 24, 'Gafsa Sud', 'Cite Industrielle', 2100),
       (1339, 24, 'Gafsa Sud', 'Kef Derbi', 2142),
       (1340, 24, 'Gafsa Sud', 'Doualy Gafsa', 2143),
       (1341, 24, 'Gafsa Sud', 'Gafsa', 2100),
       (1342, 24, 'Gafsa Sud', 'Gafsa Cite Ennour', 2123),
       (1343, 24, 'Gafsa Sud', 'Cite Bayech', 2100),
       (1344, 24, 'Gafsa Sud', 'Cite Des Jeunes', 2100),
       (1345, 24, 'Gafsa Sud', 'El Garia', 2100),
       (1346, 24, 'Gafsa Sud', 'Ennadhour', 2142),
       (1347, 24, 'Gafsa Sud', 'Cite Des Jeunes 2', 2100),
       (1348, 24, 'Gafsa Sud', 'Cite El Kitna', 2100),
       (1349, 24, 'Gafsa Sud', 'Cite El Moula', 2100),
       (1350, 24, 'Gafsa Sud', 'Sidi Ahmed Zarrouk', 2112),
       (1351, 24, 'Gafsa Sud', 'Cite Des Jeunes 1', 2100),
       (1352, 24, 'Gafsa Sud', 'Cite Essourour', 2124),
       (1353, 24, 'Gafsa Sud', 'Cite El Kaouafel 2', 2100),
       (1354, 24, 'Gafsa Sud', 'Cite Ennouhoudh', 2100),
       (1355, 24, 'Gafsa Sud', 'Gafsa Cite Des Jeunes', 2133),
       (1356, 24, 'Gafsa Sud', 'Cite El Afrane', 2100),
       (1357, 24, 'Gafsa Sud', 'Cite Garde Nationale', 2100),
       (1358, 24, 'Gafsa Sud', 'Cite El Kaouafel 1', 2100),
       (1359, 24, 'Metlaoui', 'Cite Ezzouhour 2', 2130),
       (1360, 24, 'Metlaoui', 'Cite Ezzouhour 3', 2130),
       (1361, 24, 'Metlaoui', 'Cite Ezzouhour 4', 2130),
       (1362, 24, 'Metlaoui', 'El Mziraa', 2134),
       (1363, 24, 'Metlaoui', 'Cite Essaada Ouest', 2130),
       (1364, 24, 'Metlaoui', 'Cite Ezzouhour 1', 2130),
       (1365, 24, 'Metlaoui', 'Cite Ibn Khaldoun', 2130),
       (1366, 24, 'Metlaoui', 'Cite Moderne', 2130),
       (1367, 24, 'Metlaoui', 'Cite Ezzouhour', 2130),
       (1368, 24, 'Metlaoui', 'Cite Presidentielle', 2130),
       (1369, 24, 'Metlaoui', 'Metlaoui', 2130),
       (1370, 24, 'Metlaoui', 'Metlaoui Thalja', 2134),
       (1371, 24, 'Metlaoui', 'Cite Ennacim', 2130),
       (1372, 24, 'Metlaoui', 'Richet Ennaam', 2130),
       (1373, 24, 'Metlaoui', 'Cite Centrale', 2130),
       (1374, 24, 'Metlaoui', 'Cite El Magroun', 2132),
       (1375, 24, 'Metlaoui', 'Cite Thelja', 2130),
       (1376, 24, 'Metlaoui', 'Cite Aouled Radhouane', 2130),
       (1377, 24, 'Metlaoui', 'Cite Europeen', 2130),
       (1378, 24, 'Metlaoui', 'Cite Essaada 1', 2130),
       (1379, 24, 'Metlaoui', 'Cite Essaada 2', 2130),
       (1380, 24, 'Metlaoui', 'Metlaoui Gare', 2113),
       (1381, 24, 'Metlaoui', 'Cite El Amel', 2130),
       (1382, 24, 'Metlaoui', 'Metlaoui Mines', 2132),
       (1383, 24, 'Metlaoui', 'El Kaina', 2132),
       (1384, 24, 'Metlaoui', 'Cite Du Laboratoire', 2130),
       (1385, 24, 'Metlaoui', 'Cite Ennasr', 2130),
       (1386, 24, 'Moulares', 'Cite Des Ouvriers', 2110),
       (1387, 24, 'Moulares', 'Sidi Boubaker', 2114),
       (1388, 24, 'Moulares', 'Cite Marocain', 2110),
       (1389, 24, 'Moulares', 'Cite Okba Ibn Nafaa', 2110),
       (1390, 24, 'Moulares', 'Moulares Gare', 2161),
       (1391, 24, 'Moulares', 'Moulares', 2110),
       (1392, 24, 'Moulares', 'Cite De La Fraternite', 2110),
       (1393, 24, 'Moulares', 'Cite Moderne', 2110),
       (1394, 24, 'Moulares', 'Cite El Amel', 2110),
       (1395, 24, 'Moulares', 'Cite Kouceila', 2110),
       (1396, 24, 'Moulares', 'Ouglet Ahmed', 2114),
       (1397, 24, 'Moulares', 'Cite Des Jeunes', 2110),
       (1398, 24, 'Moulares', 'Cite Sprols', 2110),
       (1399, 24, 'Moulares', 'Cite De Le Liberte', 2110),
       (1400, 24, 'Moulares', 'Cite De La Gare', 2110),
       (1401, 24, 'Moulares', 'Tabedit', 2110),
       (1402, 24, 'Moulares', 'Cite Essoualmia', 2110),
       (1403, 24, 'Redeyef', 'Cite Hsouna Ben Tahar', 2120),
       (1404, 24, 'Redeyef', 'Cite Ouvriere', 2120),
       (1405, 24, 'Redeyef', 'Zomra Redeyef', 2122),
       (1406, 24, 'Redeyef', 'Cite Essouafa', 2120),
       (1407, 24, 'Redeyef', 'Cite Du Souk', 2120),
       (1408, 24, 'Redeyef', 'Cite Ouled Majed', 2120),
       (1409, 24, 'Redeyef', 'Redeyef', 2120),
       (1410, 24, 'Redeyef', 'Redeyef Gare', 2140),
       (1411, 24, 'Redeyef', 'Cite De La Poste', 2120),
       (1412, 24, 'Redeyef', 'Cite Ettahrir', 2120),
       (1413, 24, 'Redeyef', 'Cite Sprols', 2120),
       (1414, 24, 'Redeyef', 'Cite Ouled Bou Oune', 2120),
       (1415, 24, 'Redeyef', 'Cite Trabelsia', 2120),
       (1416, 24, 'Redeyef', 'Cite De La Gare', 2120),
       (1417, 24, 'Redeyef', 'Cite Sidi Abdelkader', 2120),
       (1418, 24, 'Sidi Aich', 'Cite Logement Populaire', 2131),
       (1419, 24, 'Sidi Aich', 'El Garia', 2131),
       (1420, 24, 'Sidi Aich', 'Sidi Aich Est', 2131),
       (1421, 24, 'Sidi Aich', 'Cite Dhebebnia 2', 2131),
       (1422, 24, 'Sidi Aich', 'Cite Dhebebnia 1', 2131),
       (1423, 24, 'Sidi Aich', 'Cite Du Lycee', 2131),
       (1424, 24, 'Sidi Aich', 'Sidi Aich', 2131),
       (1425, 24, 'Sidi Aich', 'Cite Ecole', 2131),
       (1426, 24, 'Sned', 'Cite De La Gout', 2190),
       (1427, 24, 'Sned', 'Cite Ezzouhour 2', 2190),
       (1428, 24, 'Sned', 'Abdessadok', 2193),
       (1429, 24, 'Sned', 'El Araria', 2116),
       (1430, 24, 'Sned', 'Majoura', 2192),
       (1431, 24, 'Sned', 'Cite Ennasr 1', 2190),
       (1432, 24, 'Sned', 'Oum El Aleg', 2116),
       (1433, 24, 'Sned', 'Zannouche', 2116),
       (1434, 24, 'Sned', 'Cite Ennasr 2', 2190),
       (1435, 24, 'Sned', 'Cite Ezzouhour 1', 2190),
       (1436, 24, 'Sned', 'Jebel Sned', 2190),
       (1437, 24, 'Sned', 'Bahloula', 2190),
       (1438, 24, 'Sned', 'Cite Taieb Mhiri', 2190),
       (1439, 24, 'Sned', 'Jedida', 2116),
       (1440, 24, 'Sned', 'Cite Ennajah', 2190),
       (1441, 24, 'Sned', 'Cite Des Martyrs', 2190),
       (1442, 24, 'Sned', 'El Goussa', 2190),
       (1443, 24, 'Sned', 'Henchir El Afrah', 2193),
       (1444, 24, 'Sned', 'Cite Ennour', 2190),
       (1445, 24, 'Sned', 'Dhoukara', 2190),
       (1446, 24, 'Sned', 'Majourat Eddakhla', 2192),
       (1447, 24, 'Sned', 'Alim', 2195),
       (1448, 24, 'Sned', 'El Biadha', 2193),
       (1449, 24, 'Sned', 'Cite Ezzitouna 2', 2190),
       (1450, 24, 'Sned', 'Sned', 2190),
       (1451, 24, 'Sned', 'Cite Erriadh', 2190),
       (1452, 24, 'Sned', 'Cite Ezzitouna 1', 2190),
       (1453, 24, 'Sned', 'Essmayria', 2190),
       (1454, 24, 'Sned', 'Menzel Chihaoui', 2190),
       (1455, 7, 'Ain Draham', 'Sidi Mhamed', 2097),
       (1456, 7, 'Ain Draham', 'Tegma', 8136),
       (1457, 7, 'Ain Draham', 'Adissa', 2253),
       (1458, 7, 'Ain Draham', 'Ain Draham', 8130),
       (1459, 7, 'Ain Draham', 'Esseloul', 8135),
       (1460, 7, 'Ain Draham', 'Ain El Hamraya', 8134),
       (1461, 7, 'Ain Draham', 'El Atatfa', 8130),
       (1462, 7, 'Ain Draham', 'El Houmrane', 8134),
       (1463, 7, 'Ain Draham', 'Sidi Abdallah', 8130),
       (1464, 7, 'Ain Draham', 'Babouch', 8121),
       (1465, 7, 'Ain Draham', 'Ouled Helal', 8135),
       (1466, 7, 'Ain Draham', 'Tebainia', 8134),
       (1467, 7, 'Ain Draham', 'Rouai', 4030),
       (1468, 7, 'Ain Draham', 'Oued Ezzene', 8134),
       (1469, 7, 'Ain Draham', 'Hammam Bourguiba', 8136),
       (1470, 7, 'Balta Bou Aouene', 'Cite Jebil', 8116),
       (1471, 7, 'Balta Bou Aouene', 'Balta', 8126),
       (1472, 7, 'Balta Bou Aouene', 'Bou Aouene', 8116),
       (1473, 7, 'Balta Bou Aouene', 'Ouled Hassen', 8116),
       (1474, 7, 'Bou Salem', 'Cite Fatouma Bourguiba', 8170),
       (1475, 7, 'Bou Salem', 'Cite El Hafsia', 8170),
       (1476, 7, 'Bou Salem', 'Cite Hedi Khelil', 8170),
       (1477, 7, 'Bou Salem', 'Bou Laaba', 8170),
       (1478, 7, 'Bou Salem', 'El Marja', 8124),
       (1479, 7, 'Bou Salem', 'Essoumrane', 8173),
       (1480, 7, 'Bou Salem', 'Beni Mhamed', 8170),
       (1481, 7, 'Bou Salem', 'Cite El Khalij', 8170),
       (1482, 7, 'Bou Salem', 'Cite Sprols', 8170),
       (1483, 7, 'Bou Salem', 'Cite Hached', 8170),
       (1484, 7, 'Bou Salem', 'Cite Khzama 2', 8170),
       (1485, 7, 'Bou Salem', 'Cite Khzama 1', 8170),
       (1486, 7, 'Bou Salem', 'El Aouaoudha', 8170),
       (1487, 7, 'Bou Salem', 'Cite 7 Novembre 2', 8170),
       (1488, 7, 'Bou Salem', 'Cite 7 Novembre 3', 8170),
       (1489, 7, 'Bou Salem', 'Cite 7 Novembre 1', 8170),
       (1490, 7, 'Bou Salem', 'Cite Lamine', 8170),
       (1491, 7, 'Bou Salem', 'Cite Hopital', 8170),
       (1492, 7, 'Bou Salem', 'Cite De La Municipalite', 8170),
       (1493, 7, 'Bou Salem', 'Cite El Hana', 8170),
       (1494, 7, 'Bou Salem', 'Cite Ennour', 8170),
       (1495, 7, 'Bou Salem', 'Cite Diamonta', 8170),
       (1496, 7, 'Bou Salem', 'Badrouna', 8143),
       (1497, 7, 'Bou Salem', 'Bou Salem', 8170),
       (1498, 7, 'Bou Salem', 'Cite Marche Municipal', 8170),
       (1499, 7, 'Bou Salem', 'Cite El Bhairia', 8170),
       (1500, 7, 'Bou Salem', 'Cite Essourour', 8170),
       (1501, 7, 'Bou Salem', 'Cite Zone Industrielle', 8170),
       (1502, 7, 'Bou Salem', 'Cite Erriadh', 8170),
       (1503, 7, 'Fernana', 'Echtaibia', 8140),
       (1504, 7, 'Fernana', 'Argoub Rihane', 8140),
       (1505, 7, 'Fernana', 'Cite El Frajnia', 8140),
       (1506, 7, 'Fernana', 'Bou Hertma', 8141),
       (1507, 7, 'Fernana', 'El Fazzen', 8140),
       (1508, 7, 'Fernana', 'El Magroun', 8140),
       (1509, 7, 'Fernana', 'Jouaouda', 8142),
       (1510, 7, 'Fernana', 'Sidi Ammar', 8140),
       (1511, 7, 'Fernana', 'Cite Essalah', 8114),
       (1512, 7, 'Fernana', 'Eroouaba', 8140),
       (1513, 7, 'Fernana', 'Halima', 8140),
       (1514, 7, 'Fernana', 'Cite El Marja', 8142),
       (1515, 7, 'Fernana', 'Jentoura', 8141),
       (1516, 7, 'Fernana', 'Beni Mtir', 8114),
       (1517, 7, 'Fernana', 'Cite Ezzouhour', 8140),
       (1518, 7, 'Fernana', 'Ouled Mfedda', 8140),
       (1519, 7, 'Fernana', 'Ain El Beya', 8142),
       (1520, 7, 'Fernana', 'Oued Gherib', 8140),
       (1521, 7, 'Fernana', 'Cite Ennacim', 8140),
       (1522, 7, 'Fernana', 'Rmila', 8140),
       (1523, 7, 'Fernana', 'Cite Sprols', 8140),
       (1524, 7, 'Fernana', 'Ejouablia', 8140),
       (1525, 7, 'Fernana', 'Cite Essanaouber', 8140),
       (1526, 7, 'Fernana', 'Cite El Intilaka', 8140),
       (1527, 7, 'Fernana', 'Bou Halleb', 8142),
       (1528, 7, 'Fernana', 'Cite Essaada', 8140),
       (1529, 7, 'Fernana', 'El Alayeg', 8140),
       (1530, 7, 'Fernana', 'El Fejouj', 8140),
       (1531, 7, 'Fernana', 'Fernana', 8140),
       (1532, 7, 'Fernana', 'Cite De La Rnta', 8140),
       (1533, 7, 'Fernana', 'Hedhil', 8145),
       (1534, 7, 'Fernana', 'Sidi Said', 8140),
       (1535, 7, 'Fernana', 'Cite Beni Mazen', 8140),
       (1536, 7, 'Fernana', 'Grioua', 8140),
       (1537, 7, 'Fernana', 'El Houjjaj', 8140),
       (1538, 7, 'Fernana', 'Essmaibia', 8140),
       (1539, 7, 'Fernana', 'El Haouamd', 8140),
       (1540, 7, 'Fernana', 'Zaaroura', 8140),
       (1541, 7, 'Fernana', 'Betaha', 8140),
       (1542, 7, 'Fernana', 'Cite Oum Kethir', 8140),
       (1543, 7, 'Fernana', 'Cite El Mouftarek', 8140),
       (1544, 7, 'Fernana', 'Cite El Mourouj', 8140),
       (1545, 7, 'Fernana', 'Rabia', 8140),
       (1546, 7, 'Fernana', 'Ain Charchara', 8142),
       (1547, 7, 'Ghardimaou', 'Cite Des Combattants', 8160),
       (1548, 7, 'Ghardimaou', 'Esraya', 8160),
       (1549, 7, 'Ghardimaou', 'Ouerguech', 8161),
       (1550, 7, 'Ghardimaou', 'Zitounet Oum Lahneche', 8160),
       (1551, 7, 'Ghardimaou', 'Cite Ennouhoudh 2', 8160),
       (1552, 7, 'Ghardimaou', 'Cite Ezzouhour', 8160),
       (1553, 7, 'Ghardimaou', 'Cite Ennouhoudh 3', 8160),
       (1554, 7, 'Ghardimaou', 'Ghardimaou', 8160),
       (1555, 7, 'Ghardimaou', 'Cite Ennouhoudh 1', 8160),
       (1556, 7, 'Ghardimaou', 'Cite Ennouhoudh 6', 8160),
       (1557, 7, 'Ghardimaou', 'Cite Ennouhoudh 7', 8160),
       (1558, 7, 'Ghardimaou', 'Cite Ennouhoudh 4', 8160),
       (1559, 7, 'Ghardimaou', 'Cite Ennouhoudh 5', 8160),
       (1560, 7, 'Ghardimaou', 'Cite Des Jardins', 8160),
       (1561, 7, 'Ghardimaou', 'Cite Erraoudha', 8160),
       (1562, 7, 'Ghardimaou', 'Ouechtata', 8160),
       (1563, 7, 'Ghardimaou', 'Cite El Mayara', 8160),
       (1564, 7, 'Ghardimaou', 'Cite Erraja', 8160),
       (1565, 7, 'Ghardimaou', 'Cite Essaada 1', 8160),
       (1566, 7, 'Ghardimaou', 'Cite Essaada 2', 8160),
       (1567, 7, 'Ghardimaou', 'Cite Ines', 8160),
       (1568, 7, 'Ghardimaou', 'Ain Soltane', 8160),
       (1569, 7, 'Ghardimaou', 'Ezzraibia', 8160),
       (1570, 7, 'Ghardimaou', 'El Biadha', 8160),
       (1571, 7, 'Ghardimaou', 'Oued El Maaden', 8162),
       (1572, 7, 'Ghardimaou', 'El Feija', 8160),
       (1573, 7, 'Jendouba', 'Ain El Khararib', 8100),
       (1574, 7, 'Jendouba', 'Jendouba', 8100),
       (1575, 7, 'Jendouba', 'Cite Cnrps', 8122),
       (1576, 7, 'Jendouba', 'Cite Administrative', 8100),
       (1577, 7, 'Jendouba', 'El Melga', 8153),
       (1578, 7, 'Jendouba', 'Ain El Ksir', 8100),
       (1579, 7, 'Jendouba', 'Essaada', 8195),
       (1580, 7, 'Jendouba', 'Cite Ezzouhour', 8111),
       (1581, 7, 'Jendouba', 'El Azima', 8153),
       (1582, 7, 'Jendouba', 'Souk Essebt', 8131),
       (1583, 7, 'Jendouba', 'Cite Ennour 2', 8100),
       (1584, 7, 'Jendouba', 'Cite Snit', 8100),
       (1585, 7, 'Jendouba', 'Mitil', 8195),
       (1586, 7, 'Jendouba', 'Cite Ennour 1', 8100),
       (1587, 7, 'Jendouba', 'Cite Ettataouer', 8196),
       (1588, 7, 'Jendouba', 'Essanabel', 8122),
       (1589, 7, 'Jendouba', 'El Ganara', 8100),
       (1590, 7, 'Jendouba Nord', 'Cite El Ouns', 8189),
       (1591, 7, 'Jendouba Nord', 'Ben Bechir', 8111),
       (1592, 7, 'Jendouba Nord', 'Bellarigia', 8117),
       (1593, 7, 'Jendouba Nord', 'Jerif', 8100),
       (1594, 7, 'Jendouba Nord', 'Cite Ezzahoua', 8189),
       (1595, 7, 'Jendouba Nord', 'Souk Jemaa', 8132),
       (1596, 7, 'Jendouba Nord', 'Jendouba Nord', 8189),
       (1597, 7, 'Jendouba Nord', 'Cite Hedi Ben Hassine', 8189),
       (1598, 7, 'Oued Mliz', 'Cite El Ayachi', 8115),
       (1599, 7, 'Oued Mliz', 'Edkhailia', 8185),
       (1600, 7, 'Oued Mliz', 'Hakim', 8194),
       (1601, 7, 'Oued Mliz', 'Oued Mliz', 8115),
       (1602, 7, 'Oued Mliz', 'Sidi Meskine', 8193),
       (1603, 7, 'Tabarka', 'Ain Essnoussi', 8110),
       (1604, 7, 'Tabarka', 'Cite Eddachra', 8110),
       (1605, 7, 'Tabarka', 'Sidi Asker', 8112),
       (1606, 7, 'Tabarka', 'Bou Terfes', 8112),
       (1607, 7, 'Tabarka', 'Cite El Mourjene', 8110),
       (1608, 7, 'Tabarka', 'Sidi Rouine', 8110),
       (1609, 7, 'Tabarka', 'Cite Populaire 3', 8112),
       (1610, 7, 'Tabarka', 'Cite Des Arts', 8110),
       (1611, 7, 'Tabarka', 'Cite Populaire 2', 8112),
       (1612, 7, 'Tabarka', 'Cite Populaire 1', 8112),
       (1613, 7, 'Tabarka', 'Cite Chaaouania', 8110),
       (1614, 7, 'Tabarka', 'Brirem', 8127),
       (1615, 7, 'Tabarka', 'Cite Taieb Mhiri', 8110),
       (1616, 7, 'Tabarka', 'Tabarka', 8110),
       (1617, 7, 'Tabarka', 'Ouled Yahya', 8112),
       (1618, 7, 'Tabarka', 'El Farech', 8110),
       (1619, 7, 'Tabarka', 'Tabarka Aeroport', 8181),
       (1620, 7, 'Tabarka', 'Ain Essobh', 8112),
       (1621, 7, 'Tabarka', 'Touajnia', 8112),
       (1622, 7, 'Tabarka', 'Coop Centrale Des Grandes Cultures', 8112),
       (1623, 7, 'Tabarka', 'Jaballah', 8128),
       (1624, 7, 'Tabarka', 'Cite Kraimia', 8110),
       (1625, 7, 'Tabarka', 'El Haouamdia', 8192),
       (1626, 7, 'Tabarka', 'Ras Errajel', 8112),
       (1627, 7, 'Tabarka', 'Cite Du Soleil', 8110),
       (1628, 7, 'Tabarka', 'Cite Erriadh', 8110),
       (1629, 7, 'Tabarka', 'El Khedhairia', 8128),
       (1630, 8, 'Bou Hajla', 'Bir Eddaoula', 3181),
       (1631, 8, 'Bou Hajla', 'Ennasr', 3180),
       (1632, 8, 'Bou Hajla', 'Jehina', 3126),
       (1633, 8, 'Bou Hajla', 'Cite Ennour', 3180),
       (1634, 8, 'Bou Hajla', 'Cite Ezzouhour', 3180),
       (1635, 8, 'Bou Hajla', 'Bou Hajla', 3180),
       (1636, 8, 'Bou Hajla', 'Cite De La Republique', 3180),
       (1637, 8, 'Bou Hajla', 'Bir Ahmed', 3152),
       (1638, 8, 'Bou Hajla', 'El Fateh', 3180),
       (1639, 8, 'Bou Hajla', 'Cite 7 Novembre', 3180),
       (1640, 8, 'Bou Hajla', 'Bir Lahjar', 3180),
       (1641, 8, 'Bou Hajla', 'Cite Essaada', 3180),
       (1642, 8, 'Bou Hajla', 'Cite Okba', 3180),
       (1643, 8, 'Bou Hajla', 'Cite El Moez', 3180),
       (1644, 8, 'Bou Hajla', 'Cite Ennasr', 3180),
       (1645, 8, 'Bou Hajla', 'Ouled Achour', 3180),
       (1646, 8, 'Bou Hajla', 'Cite Nouvelle', 3180),
       (1647, 8, 'Chebika', 'Ouled Khalfallah', 3133),
       (1648, 8, 'Chebika', 'Cite Sabrine', 3121),
       (1649, 8, 'Chebika', 'Abida Cherguia', 3183),
       (1650, 8, 'Chebika', 'Ouled Khelif', 3133),
       (1651, 8, 'Chebika', 'Chebika', 3121),
       (1652, 8, 'Chebika', 'El Karma', 3133),
       (1653, 8, 'Chebika', 'Ouled Nasser', 3133),
       (1654, 8, 'Chebika', 'El Aouamria', 3161),
       (1655, 8, 'Chebika', 'Ain El Beydha', 3133),
       (1656, 8, 'Chebika', 'Ben Salem', 3112),
       (1657, 8, 'Chebika', 'Gragaya', 3112),
       (1658, 8, 'Chebika', 'Rouissette', 3121),
       (1659, 8, 'Chebika', 'Sidi Abdallah Belhaj', 3121),
       (1660, 8, 'Chebika', 'Hammed', 3112),
       (1661, 8, 'Cherarda', 'Cherarda', 3116),
       (1662, 8, 'Cherarda', 'Ouled Farjallah', 3145),
       (1663, 8, 'Cherarda', 'Cheraitia', 3116),
       (1664, 8, 'Cherarda', 'Cite El Mached', 3116),
       (1665, 8, 'Cherarda', 'Cite El Koucha', 3116),
       (1666, 8, 'Cherarda', 'El Aouyed', 3116),
       (1667, 8, 'Cherarda', 'El Ksour', 3116),
       (1668, 8, 'El Ala', 'Sayada Nord', 3150),
       (1669, 8, 'El Ala', 'El Ala', 3150),
       (1670, 8, 'El Ala', 'El Msaid', 3153),
       (1671, 8, 'El Ala', 'Ouled Ennaguez', 3150),
       (1672, 8, 'El Ala', 'Ecole Ettoual', 3150),
       (1673, 8, 'El Ala', 'Ghidhifette', 3150),
       (1674, 8, 'El Ala', 'Sayada Sud', 3150),
       (1675, 8, 'El Ala', 'Ecole Trazza', 3150),
       (1676, 8, 'El Ala', 'Ouled Mehrez', 3150),
       (1677, 8, 'El Ala', 'Cite Populaire', 3150),
       (1678, 8, 'El Ala', 'El Fjejria', 3150),
       (1679, 8, 'El Ala', 'Ouled Ali', 3150),
       (1680, 8, 'El Ala', 'Oued El Jabbes', 3150),
       (1681, 8, 'El Ala', 'Messiouta', 3154),
       (1682, 8, 'El Ala', 'Cite Essanaouber', 3150),
       (1683, 8, 'El Ala', 'Cite Ouled Ahmed', 3150),
       (1684, 8, 'El Ala', 'Cite Rurale', 3150),
       (1685, 8, 'El Ala', 'Ain Sayada', 3150),
       (1686, 8, 'El Ala', 'Ecole Jouamia', 3150),
       (1687, 8, 'El Ala', 'Cite Rezagnia', 3150),
       (1688, 8, 'El Ala', 'Cite Nouvelle', 3150),
       (1689, 8, 'Haffouz', 'Ezzorg', 3130),
       (1690, 8, 'Haffouz', 'Cite Le Mourouj', 3130),
       (1691, 8, 'Haffouz', 'El Alia', 3130),
       (1692, 8, 'Haffouz', 'El Aoudid', 3130),
       (1693, 8, 'Haffouz', 'Ain El Ghrab', 3130),
       (1694, 8, 'Haffouz', 'Khit El Oued', 3134),
       (1695, 8, 'Haffouz', 'Cherichira', 3130),
       (1696, 8, 'Haffouz', 'Haffouz', 3130),
       (1697, 8, 'Hajeb El Ayoun', 'El Manar', 3160),
       (1698, 8, 'Hajeb El Ayoun', 'Cite Errouki', 3160),
       (1699, 8, 'Hajeb El Ayoun', 'Cite Ezzouhour', 3160),
       (1700, 8, 'Hajeb El Ayoun', 'Ouled Abbes', 3160),
       (1701, 8, 'Hajeb El Ayoun', 'Ouled Ameur', 3160),
       (1702, 8, 'Hajeb El Ayoun', 'Cite Ezzayatine', 3160),
       (1703, 8, 'Hajeb El Ayoun', 'Ain Majouna', 3160),
       (1704, 8, 'Hajeb El Ayoun', 'Cite 7 Novembre', 3160),
       (1705, 8, 'Hajeb El Ayoun', 'El Menassa', 3160),
       (1706, 8, 'Hajeb El Ayoun', 'Cite Independance', 3160),
       (1707, 8, 'Hajeb El Ayoun', 'Cite Ennouhoudh', 3160),
       (1708, 8, 'Hajeb El Ayoun', 'Cite Essaada', 3160),
       (1709, 8, 'Hajeb El Ayoun', 'Hajeb El Ayoun Gare', 3160),
       (1710, 8, 'Hajeb El Ayoun', 'El Ghouiba', 3160),
       (1711, 8, 'Hajeb El Ayoun', 'Hajeb El Ayoun', 3160),
       (1712, 8, 'Hajeb El Ayoun', 'Cite Ennasr', 3160),
       (1713, 8, 'Hajeb El Ayoun', 'Thallaja', 3160),
       (1714, 8, 'Kairouan Nord', 'Cite Sahbi 3', 3140),
       (1715, 8, 'Kairouan Nord', 'Cite Dar El Amen', 3140),
       (1716, 8, 'Kairouan Nord', 'Cite Ichbilia', 3140),
       (1717, 8, 'Kairouan Nord', 'Cite Sahbi 5', 3140),
       (1718, 8, 'Kairouan Nord', 'El Moutbasta', 3111),
       (1719, 8, 'Kairouan Nord', 'Cite Sahbi 4', 3140),
       (1720, 8, 'Kairouan Nord', 'Cite Ouled Manaa', 3140),
       (1721, 8, 'Kairouan Nord', 'Kairouan Okba', 3140),
       (1722, 8, 'Kairouan Nord', 'Cite El Baloui 1', 3140),
       (1723, 8, 'Kairouan Nord', 'Cite Snit', 3140),
       (1724, 8, 'Kairouan Nord', 'Dhraa Ettammar', 3140),
       (1725, 8, 'Kairouan Nord', 'El Baten', 3142),
       (1726, 8, 'Kairouan Nord', 'Cite El Hajjam', 3129),
       (1727, 8, 'Kairouan Nord', 'Cite Sahnoun', 3140),
       (1728, 8, 'Kairouan Nord', 'Cite Okba', 3140),
       (1729, 8, 'Kairouan Nord', 'Sidi Dhameni', 3140),
       (1730, 8, 'Kairouan Nord', 'Cite El Baloui 3', 3140),
       (1731, 8, 'Kairouan Nord', 'Cite Ennasr', 3182),
       (1732, 8, 'Kairouan Nord', 'Cite El Baloui 2', 3140),
       (1733, 8, 'Kairouan Nord', 'El Ghabette', 3193),
       (1734, 8, 'Kairouan Sud', 'Cite Sabri', 3100),
       (1735, 8, 'Kairouan Sud', 'Cite Rim', 3100),
       (1736, 8, 'Kairouan Sud', 'El Mrazig', 3100),
       (1737, 8, 'Kairouan Sud', 'Cite Tabene', 3198),
       (1738, 8, 'Kairouan Sud', 'El Borji', 3198),
       (1739, 8, 'Kairouan Sud', 'El Argoub Lahrech', 3100),
       (1740, 8, 'Kairouan Sud', 'Raccada', 3191),
       (1741, 8, 'Kairouan Sud', 'El Makhsouma', 3100),
       (1742, 8, 'Kairouan Sud', 'Ain El Khazzazia', 3143),
       (1743, 8, 'Kairouan Sud', 'Kairouan', 3100),
       (1744, 8, 'Kairouan Sud', 'Cite Ibn El Jazzar', 3199),
       (1745, 8, 'Kairouan Sud', 'Zaafrana', 3151),
       (1746, 8, 'Kairouan Sud', 'Cite Militaire Ancien', 3100),
       (1747, 8, 'Kairouan Sud', 'Argoub El Khadhra', 3192),
       (1748, 8, 'Kairouan Sud', 'Cite El Moez', 3100),
       (1749, 8, 'Kairouan Sud', 'El Khadhra', 3192),
       (1750, 8, 'Kairouan Sud', 'Kairouan Sud', 3131),
       (1751, 8, 'Nasrallah', 'El Ajabna', 3170),
       (1752, 8, 'Nasrallah', 'Erragouba El Hamra', 3173),
       (1753, 8, 'Nasrallah', 'Menzel Mhiri', 3114),
       (1754, 8, 'Nasrallah', 'El Hamidette', 3114),
       (1755, 8, 'Nasrallah', 'Sidi Saad', 3115),
       (1756, 8, 'Nasrallah', 'Nasrallah', 3170),
       (1757, 8, 'Nasrallah', 'El Kabbara', 3171),
       (1758, 8, 'Nasrallah', 'Touila', 3114),
       (1759, 8, 'Nasrallah', 'El Ksour', 3170),
       (1760, 8, 'Oueslatia', 'Cite Des Ouvriers', 3120),
       (1761, 8, 'Oueslatia', 'Cite Du Stade', 3120),
       (1762, 8, 'Oueslatia', 'Cite Ejjamaa', 3120),
       (1763, 8, 'Oueslatia', 'Cite Chebbi', 3120),
       (1764, 8, 'Oueslatia', 'Oued El Guessab', 3120),
       (1765, 8, 'Oueslatia', 'Ksar Lamsa', 3124),
       (1766, 8, 'Oueslatia', 'Ain Jelloula', 3113),
       (1767, 8, 'Oueslatia', 'Ain Mastour', 3120),
       (1768, 8, 'Oueslatia', 'Cite Ettahrir', 3120),
       (1769, 8, 'Oueslatia', 'Cite Bou Assida', 3120),
       (1770, 8, 'Oueslatia', 'Cite Essanaouber', 3120),
       (1771, 8, 'Oueslatia', 'Oueslatia', 3120),
       (1772, 8, 'Oueslatia', 'Cite Commerciale', 3120),
       (1773, 8, 'Sbikha', 'Chorfa', 3110),
       (1774, 8, 'Sbikha', 'El Aouitha', 3132),
       (1775, 8, 'Sbikha', 'Hendi Zitouna', 3196),
       (1776, 8, 'Sbikha', 'Eddikhila', 3110),
       (1777, 8, 'Sbikha', 'Dar Jamiya', 3132),
       (1778, 8, 'Sbikha', 'El Friouette', 3110),
       (1779, 8, 'Sbikha', 'El Khodher', 3110),
       (1780, 8, 'Sbikha', 'Sisseb', 3132),
       (1781, 8, 'Sbikha', 'Chougafia', 3110),
       (1782, 8, 'Sbikha', 'Dhriaat', 3194),
       (1783, 8, 'Sbikha', 'El Gatifa', 3110),
       (1784, 8, 'Sbikha', 'Sidi Messaoud', 3195),
       (1785, 8, 'Sbikha', 'El Gfey', 3110),
       (1786, 8, 'Sbikha', 'Sbikha', 3110),
       (1787, 8, 'Sbikha', 'El Alem', 3125),
       (1788, 8, 'Sbikha', 'Dar Ben Aicha', 3132),
       (1789, 8, 'Sbikha', 'Ain Boumourra', 3135),
       (1790, 8, 'Sbikha', 'Oued Nebhana', 3110),
       (1791, 8, 'Sbikha', 'Daloussi', 3110),
       (1792, 9, 'El Ayoun', 'El Grine', 1234),
       (1793, 9, 'El Ayoun', 'El Ayoun', 1216),
       (1794, 9, 'Ezzouhour', 'Kasserine Ezzouhour', 1279),
       (1795, 9, 'Feriana', 'Garaat Ennaam', 1243),
       (1796, 9, 'Feriana', 'Cekhirate', 1223),
       (1797, 9, 'Feriana', 'Oum Ali', 1240),
       (1798, 9, 'Feriana', 'Lahouache', 1242),
       (1799, 9, 'Feriana', 'Cite Pierre Noire', 1240),
       (1800, 9, 'Feriana', 'Cite Du Battoire', 1240),
       (1801, 9, 'Feriana', 'Thelepte', 1215),
       (1802, 9, 'Feriana', 'Bou Chebka', 1213),
       (1803, 9, 'Feriana', 'Cite Hached', 1240),
       (1804, 9, 'Feriana', 'Cite Cheab', 1240),
       (1805, 9, 'Feriana', 'Cite El Izdihar', 1240),
       (1806, 9, 'Feriana', 'Feriana', 1240),
       (1807, 9, 'Feriana', 'Cite Hardoub', 1240),
       (1808, 9, 'Foussana', 'Khemouda', 1212),
       (1809, 9, 'Foussana', 'Ouled Mansour', 1220),
       (1810, 9, 'Foussana', 'Cite El Fateh', 1220),
       (1811, 9, 'Foussana', 'Ouled Zid', 1220),
       (1812, 9, 'Foussana', 'Cite Bou Lila', 1220),
       (1813, 9, 'Foussana', 'Ain Janan', 1220),
       (1814, 9, 'Foussana', 'Oum Lahouadh', 1220),
       (1815, 9, 'Foussana', 'Sahraoui', 1222),
       (1816, 9, 'Foussana', 'Cite El Bassatine', 1220),
       (1817, 9, 'Foussana', 'El Brika', 1220),
       (1818, 9, 'Foussana', 'Bou Deryes', 1232),
       (1819, 9, 'Foussana', 'El Adhira', 1220),
       (1820, 9, 'Foussana', 'Cite El Intilaka', 1220),
       (1821, 9, 'Foussana', 'Essatour', 1220),
       (1822, 9, 'Foussana', 'Ouled Boughanem', 1220),
       (1823, 9, 'Foussana', 'Cite Erriadh', 1220),
       (1824, 9, 'Foussana', 'Foussana', 1220),
       (1825, 9, 'Haidra', 'Ain Eddefla', 1285),
       (1826, 9, 'Haidra', 'El Mrira', 1221),
       (1827, 9, 'Haidra', 'Errmila', 1221),
       (1828, 9, 'Haidra', 'Haidra', 1221),
       (1829, 9, 'Haidra', 'Cite El Fateh', 1221),
       (1830, 9, 'Haidra', 'Cite Ettadhamen', 1221),
       (1831, 9, 'Haidra', 'Cite El Bassatine', 1221),
       (1832, 9, 'Haidra', 'Cite Ibn Charef', 1221),
       (1833, 9, 'Haidra', 'Cite Ouled Ounallah', 1221),
       (1834, 9, 'Haidra', 'Gargara', 1221),
       (1835, 9, 'Haidra', 'Cite El Intilaka', 1221),
       (1836, 9, 'Haidra', 'El Ajred', 1225),
       (1837, 9, 'Haidra', 'Cite Ennasr', 1221),
       (1838, 9, 'Haidra', 'Essri', 1221),
       (1839, 9, 'Haidra', 'Tebaga', 1221),
       (1840, 9, 'Hassi El Frid', 'Khanguet El Jazia', 1247),
       (1841, 9, 'Hassi El Frid', 'El Kamour', 1245),
       (1842, 9, 'Hassi El Frid', 'Hassi El Frid', 1241),
       (1843, 9, 'Jediliane', 'Cite Ettaamir', 1280),
       (1844, 9, 'Jediliane', 'Cite Ezzouhour', 1280),
       (1845, 9, 'Jediliane', 'Jediliane', 1280),
       (1846, 9, 'Jediliane', 'Cite 7 Novembre', 1280),
       (1847, 9, 'Jediliane', 'Cite El Intilaka', 1280),
       (1848, 9, 'Jediliane', 'Frej Terbah', 1280),
       (1849, 9, 'Jediliane', 'Ain El Hmadna', 1281),
       (1850, 9, 'Jediliane', 'Ain Oum Jdour', 1280),
       (1851, 9, 'Kasserine Nord', 'Kasserine', 1200),
       (1852, 9, 'Kasserine Nord', 'Cite Ouvriere', 1237),
       (1853, 9, 'Kasserine Nord', 'Bou Laaba', 1253),
       (1854, 9, 'Kasserine Nord', 'Kasserine Nour', 1230),
       (1855, 9, 'Kasserine Nord', 'Doughra', 1200),
       (1856, 9, 'Kasserine Nord', 'Magdoudech', 1200),
       (1857, 9, 'Kasserine Sud', 'Bou Zguem', 1233),
       (1858, 9, 'Mejel Bel Abbes', 'Mejel Bel Abbes', 1214),
       (1859, 9, 'Mejel Bel Abbes', 'Cite Du Lycee', 1214),
       (1860, 9, 'Mejel Bel Abbes', 'Cite Eddachra 2', 1214),
       (1861, 9, 'Mejel Bel Abbes', 'Cite Populaire', 1214),
       (1862, 9, 'Mejel Bel Abbes', 'Cite Eddachra 1', 1214),
       (1863, 9, 'Mejel Bel Abbes', 'Garaat Ennadhour', 1293),
       (1864, 9, 'Mejel Bel Abbes', 'Henchir Oum El Khir', 1214),
       (1865, 9, 'Mejel Bel Abbes', 'Ouled Marzoug', 1214),
       (1866, 9, 'Mejel Bel Abbes', 'Cite El Guerayria', 1214),
       (1867, 9, 'Mejel Bel Abbes', 'Barrouka', 1226),
       (1868, 9, 'Mejel Bel Abbes', 'Cite Commerciale', 1214),
       (1869, 9, 'Mejel Bel Abbes', 'Cite Des Martyrs', 1214),
       (1870, 9, 'Mejel Bel Abbes', 'Cite Nouvelle 2', 1214),
       (1871, 9, 'Mejel Bel Abbes', 'El Fekka', 1294),
       (1872, 9, 'Mejel Bel Abbes', 'Cite Nouvelle 1', 1214),
       (1873, 9, 'Sbeitla', 'Cite El Oulja', 1250),
       (1874, 9, 'Sbeitla', 'Cite Errahba', 1250),
       (1875, 9, 'Sbeitla', 'Cite Essourour El Gharbi', 1250),
       (1876, 9, 'Sbeitla', 'Cite El Ghabette', 1250),
       (1877, 9, 'Sbeitla', 'Cite El Fateh', 1250),
       (1878, 9, 'Sbeitla', 'Cite Huillerie', 1250),
       (1879, 9, 'Sbeitla', 'Cite Du Lycee', 1250),
       (1880, 9, 'Sbeitla', 'Cite Des Enseignants', 1250),
       (1881, 9, 'Sbeitla', 'Echraya', 1251),
       (1882, 9, 'Sbeitla', 'Cite Ezzayatine', 1250),
       (1883, 9, 'Sbeitla', 'Cite Militaire 1', 1250),
       (1884, 9, 'Sbeitla', 'Oued Miou', 1255),
       (1885, 9, 'Sbeitla', 'Cite Militaire 2', 1250),
       (1886, 9, 'Sbeitla', 'Cite El Khadhra', 1250),
       (1887, 9, 'Sbeitla', 'Sbeitla', 1250),
       (1888, 9, 'Sbeitla', 'El Gharadek', 1250),
       (1889, 9, 'Sbeitla', 'Cite Du Stade', 1250),
       (1890, 9, 'Sbeitla', 'Cite Industrielle', 1250),
       (1891, 9, 'Sbeitla', 'Zaouiet Ben Ammar', 1254),
       (1892, 9, 'Sbeitla', 'Cite Essourour Echergui', 1250),
       (1893, 9, 'Sbeitla', 'Cite Hopital', 1250),
       (1894, 9, 'Sbeitla', 'Cite Militaire 3', 1250),
       (1895, 9, 'Sbeitla', 'Mghila', 1250),
       (1896, 9, 'Sbeitla', 'Henchir El Assal', 1256),
       (1897, 9, 'Sbeitla', 'Errahayet', 1252),
       (1898, 9, 'Sbeitla', 'Cite Essourour', 1263),
       (1899, 9, 'Sbeitla', 'Cite Dhraa Bou Ouaj', 1250),
       (1900, 9, 'Sbeitla', 'El Garaa', 1250),
       (1901, 9, 'Sbeitla', 'El Hammar', 1250),
       (1902, 9, 'Sbeitla', 'El Gounna', 1250),
       (1903, 9, 'Sbiba', 'Cite El Khadhra 1', 1270),
       (1904, 9, 'Sbiba', 'Cite El Khadhra 2', 1270),
       (1905, 9, 'Sbiba', 'Dhraa', 1270),
       (1906, 9, 'Sbiba', 'Sidi Brahim Ezzaher', 1273),
       (1907, 9, 'Sbiba', 'Cite Air Nouvelle', 1270),
       (1908, 9, 'Sbiba', 'Sbiba', 1270),
       (1909, 9, 'Sbiba', 'Cite El Fateh', 1270),
       (1910, 9, 'Sbiba', 'Cite Du Lycee', 1270),
       (1911, 9, 'Sbiba', 'Kounbitra', 1270),
       (1912, 9, 'Sbiba', 'Cite Ezzouhour', 1270),
       (1913, 9, 'Sbiba', 'Ain Khemaissia', 1271),
       (1914, 9, 'Sbiba', 'El Hasnaoui', 1270),
       (1915, 9, 'Sbiba', 'Ouljet Aguil', 1270),
       (1916, 9, 'Sbiba', 'Cite Eddamous', 1270),
       (1917, 9, 'Sbiba', 'Cite Essalama', 1270),
       (1918, 9, 'Sbiba', 'Cite Des Rouines Romaines', 1270),
       (1919, 9, 'Sbiba', 'Cite Ennakhla', 1270),
       (1920, 9, 'Sbiba', 'Themed', 1270),
       (1921, 9, 'Sbiba', 'Cite Erriadh', 1270),
       (1922, 9, 'Thala', 'Cite Des Ouvriers', 1210),
       (1923, 9, 'Thala', 'Cite Errahba', 1210),
       (1924, 9, 'Thala', 'Cite El Borni', 1210),
       (1925, 9, 'Thala', 'Cite Ben Cherif', 1210),
       (1926, 9, 'Thala', 'Chafai', 1210),
       (1927, 9, 'Thala', 'Cite Ennadhour', 1210),
       (1928, 9, 'Thala', 'Henchir Goumria', 1210),
       (1929, 9, 'Thala', 'Sidi Shil', 1231),
       (1930, 9, 'Thala', 'Bou Lahnech', 1211),
       (1931, 9, 'Thala', 'Cite Du Battoire', 1210),
       (1932, 9, 'Thala', 'Thala', 1210),
       (1933, 9, 'Thala', 'Cite Khazna Jedida', 1210),
       (1934, 9, 'Thala', 'Cite Snit', 1210),
       (1935, 9, 'Thala', 'Cite Mongi Slim', 1210),
       (1936, 9, 'Thala', 'Ouled Ghida', 1210),
       (1937, 9, 'Thala', 'Cite Ain Ahmed', 1210),
       (1938, 9, 'Thala', 'Thala Sud', 1261),
       (1939, 9, 'Thala', 'Eddachra', 1224),
       (1940, 9, 'Thala', 'Cite Bain Maure Ben Azouz', 1210),
       (1941, 9, 'Thala', 'Cite El Mhiri', 1210),
       (1942, 9, 'Thala', 'Cite Garde Nationale', 1210),
       (1943, 9, 'Thala', 'Zelfane', 1235),
       (1944, 10, 'Douz', 'Douz Chargui', 4215),
       (1945, 10, 'Douz', 'Cite Ouled Amor', 4216),
       (1946, 10, 'Douz', 'Cite Populaire', 4215),
       (1947, 10, 'Douz', 'Cite El Abadla', 4215),
       (1948, 10, 'Douz', 'Cite Ibn Khaldoun', 4234),
       (1949, 10, 'Douz', 'Cite Des Oasis', 4234),
       (1950, 10, 'Douz', 'Cite El Athemna', 4216),
       (1951, 10, 'Douz', 'Cite Ezzouhour', 4234),
       (1952, 10, 'Douz', 'Douz Aouina', 4216),
       (1953, 10, 'Douz', 'Ksar Ghilene', 4260),
       (1954, 10, 'Douz', 'Golaa', 4234),
       (1955, 10, 'Douz', 'Cite Commerciale', 4234),
       (1956, 10, 'Douz', 'Cite Jelaila', 4260),
       (1957, 10, 'Douz', 'Cite Essaada', 4234),
       (1958, 10, 'Douz', 'Bechni', 4222),
       (1959, 10, 'Douz', 'Cite Ouled Oun', 4260),
       (1960, 10, 'Douz', 'Cite Ben Hamroun', 4216),
       (1961, 10, 'Douz', 'Cite Ennour', 4234),
       (1962, 10, 'Douz', 'Ghelissia', 4260),
       (1963, 10, 'Douz', 'Zaafrane', 4261),
       (1964, 10, 'Douz', 'Nouaiel', 4222),
       (1965, 10, 'Douz', 'Douz', 4260),
       (1966, 10, 'Douz', 'Cite Ouled Abdallah', 4216),
       (1967, 10, 'Douz', 'Eddorgine', 4222),
       (1968, 10, 'Douz', 'Cite Douz Chargui', 4215),
       (1969, 10, 'Douz', 'Cite 7 Novembre', 4234),
       (1970, 10, 'Douz', 'El Aouina', 4216),
       (1971, 10, 'Douz', 'Cite El Izdihar', 4234),
       (1972, 10, 'Douz', 'Cite El Ouroud', 4234),
       (1973, 10, 'El Faouar', 'Cite El Moustakbel', 4264),
       (1974, 10, 'El Faouar', 'Rejime Maatoug', 4210),
       (1975, 10, 'El Faouar', 'Sabria', 4264),
       (1976, 10, 'El Faouar', 'Ghidma', 4264),
       (1977, 10, 'El Faouar', 'Cite El Houda', 4264),
       (1978, 10, 'El Faouar', 'Gherib', 4264),
       (1979, 10, 'El Faouar', 'Cite Ennour', 4264),
       (1980, 10, 'El Faouar', 'Cite Essalem', 4264),
       (1981, 10, 'El Faouar', 'El Faouar', 4264),
       (1982, 10, 'Kebili Nord', 'Rabta', 4233),
       (1983, 10, 'Kebili Nord', 'Toura Mansoura', 4293),
       (1984, 10, 'Kebili Nord', 'El Mansoura', 4293),
       (1985, 10, 'Kebili Nord', 'Kebili Beyez', 4280),
       (1986, 10, 'Kebili Nord', 'Telmine', 4237),
       (1987, 10, 'Kebili Nord', 'Tenbib', 4232),
       (1988, 10, 'Kebili Nord', 'Tombar', 4235),
       (1989, 10, 'Kebili Nord', 'Jedida', 4293),
       (1990, 10, 'Kebili Nord', 'Staftimi', 4273),
       (1991, 10, 'Kebili Nord', 'Limaguez', 4274),
       (1992, 10, 'Kebili Nord', 'Saidane', 4294),
       (1993, 10, 'Kebili Sud', 'Bazma', 4224),
       (1994, 10, 'Kebili Sud', 'Mazraa Neji', 4200),
       (1995, 10, 'Kebili Sud', 'El Msaid', 4200),
       (1996, 10, 'Kebili Sud', 'El Gataya', 4200),
       (1997, 10, 'Kebili Sud', 'Jersine', 4263),
       (1998, 10, 'Kebili Sud', 'Kebili', 4200),
       (1999, 10, 'Kebili Sud', 'Jemna', 4214),
       (2000, 10, 'Kebili Sud', 'Kelouemen', 4253),
       (2001, 10, 'Kebili Sud', 'Radhouane', 4200),
       (2002, 10, 'Kebili Sud', 'Blidette', 4243),
       (2003, 10, 'Kebili Sud', 'Cite Du Lycee', 4200),
       (2004, 10, 'Kebili Sud', 'Oum El Farth', 4200),
       (2005, 10, 'Kebili Sud', 'Janaoura', 4242),
       (2006, 10, 'Kebili Sud', 'Cite Militaire', 4200),
       (2007, 10, 'Kebili Sud', 'Beni Mhamed', 4200),
       (2008, 10, 'Kebili Sud', 'Barghouthia', 4253),
       (2009, 10, 'Kebili Sud', 'Cite Afh', 4200),
       (2010, 10, 'Kebili Sud', 'Rahmet', 4211),
       (2011, 10, 'Kebili Sud', 'Bechelli', 4253),
       (2012, 10, 'Souk El Ahad', 'Bechri', 4231),
       (2013, 10, 'Souk El Ahad', 'Jazira', 4230),
       (2014, 10, 'Souk El Ahad', 'Jazira El Baiida', 4230),
       (2015, 10, 'Souk El Ahad', 'Menchia', 4230),
       (2016, 10, 'Souk El Ahad', 'Zaouiet El Anes', 4213),
       (2017, 10, 'Souk El Ahad', 'Fatnassa', 4223),
       (2018, 10, 'Souk El Ahad', 'Chouchet Negga', 4283),
       (2019, 10, 'Souk El Ahad', 'Bou Abdallah', 4236),
       (2020, 10, 'Souk El Ahad', 'Negga', 4283),
       (2021, 10, 'Souk El Ahad', 'Oum Somaa', 4212),
       (2022, 10, 'Souk El Ahad', 'Souk El Ahad', 4230),
       (2023, 10, 'Souk El Ahad', 'Zaouiet El Harth', 4230),
       (2024, 10, 'Souk El Ahad', 'Gliaa', 4230),
       (2025, 11, 'Dahmani', 'Abida', 7170),
       (2026, 11, 'Dahmani', 'Sidi Asker', 7170),
       (2027, 11, 'Dahmani', 'Cite Essanabel', 7170),
       (2028, 11, 'Dahmani', 'Cite Ibn Khaldoun', 7170),
       (2029, 11, 'Dahmani', 'Sidi Baraket Sud', 7170),
       (2030, 11, 'Dahmani', 'Cite Essanaouber 1', 7170),
       (2031, 11, 'Dahmani', 'Cite Essanaouber 2', 7170),
       (2032, 11, 'Dahmani', 'Charket Essaboun', 7170),
       (2033, 11, 'Dahmani', 'Adissi', 7170),
       (2034, 11, 'Dahmani', 'Cite 1 Mai 2', 7170),
       (2035, 11, 'Dahmani', 'Cite Sidi Dahmani', 7170),
       (2036, 11, 'Dahmani', 'Dahmani', 7170),
       (2037, 11, 'Dahmani', 'Cite 1 Mai 1', 7170),
       (2038, 11, 'Dahmani', 'Cite El Intilak', 7170),
       (2039, 11, 'Dahmani', 'Cite Mohamed Ali', 7170),
       (2040, 11, 'Dahmani', 'Ain Meskhia', 7170),
       (2041, 11, 'Dahmani', 'Cite Hopital', 7170),
       (2042, 11, 'Dahmani', 'Cite Ettenmia', 7170),
       (2043, 11, 'Dahmani', 'Cite Ennour', 7170),
       (2044, 11, 'Dahmani', 'Cite Ben Ammar 1', 7170),
       (2045, 11, 'Dahmani', 'Sidi Baraket Nord', 7170),
       (2046, 11, 'Dahmani', 'Cite Ben Ammar 2', 7170),
       (2047, 11, 'Dahmani', 'Cite Ben Hafdhallah', 7170),
       (2048, 11, 'Dahmani', 'Cite 2 Mars 2', 7170),
       (2049, 11, 'Dahmani', 'Cite 2 Mars 1', 7170),
       (2050, 11, 'Dahmani', 'Cite El Azima', 7170),
       (2051, 11, 'Dahmani', 'Cite Ennasr', 7170),
       (2052, 11, 'Dahmani', 'Cite Erriadh', 7170),
       (2053, 11, 'Dahmani', 'Zouarine', 7170),
       (2054, 11, 'El Kef Est', 'Cite 3 Aout', 7100),
       (2055, 11, 'El Kef Est', 'Cite Ammar Ayari', 7100),
       (2056, 11, 'El Kef Est', 'Cite Tounsi Arnous', 7100),
       (2057, 11, 'El Kef Est', 'Cite Harrouch', 7100),
       (2058, 11, 'El Kef Est', 'Cite El Farah', 7100),
       (2059, 11, 'El Kef Est', 'Cite Cherichi', 7100),
       (2060, 11, 'El Kef Est', 'Cite Ezzitouna', 7100),
       (2061, 11, 'El Kef Est', 'Cite Bir Thelj', 7100),
       (2062, 11, 'El Kef Est', 'Bahra', 7116),
       (2063, 11, 'El Kef Est', 'Cite De La Liberte', 7100),
       (2064, 11, 'El Kef Est', 'Cite El Ouns', 7100),
       (2065, 11, 'El Kef Est', 'Oued Erraml', 7100),
       (2066, 11, 'El Kef Est', 'Cite Bahri Barbouche', 7100),
       (2067, 11, 'El Kef Est', 'Oued Tessa', 7100),
       (2068, 11, 'El Kef Est', 'Cite 2 Mars', 7100),
       (2069, 11, 'El Kef Est', 'Cite 7 Novembre', 7100),
       (2070, 11, 'El Kef Est', 'Cite Bourayou', 7100),
       (2071, 11, 'El Kef Est', 'Cite Essakhra', 7100),
       (2072, 11, 'El Kef Est', 'Cite Ibn Abi Dhiaf', 7100),
       (2073, 11, 'El Kef Est', 'Cite Eddyr', 7100),
       (2074, 11, 'El Kef Est', 'Oued Souani', 7194),
       (2075, 11, 'El Kef Est', 'Cite Des Enseignants', 7100),
       (2076, 11, 'El Kef Est', 'Cite Ibn Khaldoun', 7100),
       (2077, 11, 'El Kef Est', 'Cite Ennouhoudh 2', 7100),
       (2078, 11, 'El Kef Est', 'Cite El Bassatine', 7100),
       (2079, 11, 'El Kef Est', 'Cite Ennouhoudh 1', 7100),
       (2080, 11, 'El Kef Est', 'Bou Meftah', 7100),
       (2081, 11, 'El Kef Est', 'Cite Ennacim', 7100),
       (2082, 11, 'El Kef Est', 'Cite Taieb Mhiri', 7100),
       (2083, 11, 'El Kef Est', 'Sidi Mansour', 7100),
       (2084, 11, 'El Kef Est', 'Cite Hached', 7100),
       (2085, 11, 'El Kef Est', 'Cite Ain Mnekh', 7100),
       (2086, 11, 'El Kef Est', 'Cite Fourati', 7100),
       (2087, 11, 'El Kef Est', 'Semana', 7100),
       (2088, 11, 'El Kef Est', 'Zone Industrielle', 7100),
       (2089, 11, 'El Kef Est', 'Borj El Aifa', 7122),
       (2090, 11, 'El Kef Est', 'Barnoussa', 7100),
       (2091, 11, 'El Kef Est', 'Cite Souani Laaneb 1', 7100),
       (2092, 11, 'El Kef Est', 'Cite Souani Laaneb 2', 7100),
       (2093, 11, 'El Kef Est', 'Cite Essaada 1', 7100),
       (2094, 11, 'El Kef Est', 'Cite Essaada 2', 7100),
       (2095, 11, 'El Kef Est', 'Cite El Hana', 7100),
       (2096, 11, 'El Kef Est', 'Salah El Bahri', 7100),
       (2097, 11, 'El Kef Est', 'El Kef', 7100),
       (2098, 11, 'El Kef Est', 'Zaafrane', 7134),
       (2099, 11, 'El Kef Est', 'Cite Bayedh', 7100),
       (2100, 11, 'El Kef Est', 'Cite De La Gare', 7100),
       (2101, 11, 'El Kef Est', 'Cite El Izdihar', 7100),
       (2102, 11, 'El Kef Est', 'Cite Erriadh', 7100),
       (2103, 11, 'El Kef Est', 'Cite 1 Er Mai', 7100),
       (2104, 11, 'El Kef Est', 'Ennaima', 7100),
       (2105, 11, 'El Kef Ouest', 'Kef Ouest', 7117),
       (2106, 11, 'El Ksour', 'Cite El Borj', 7160),
       (2107, 11, 'El Ksour', 'El Hmarna', 7160),
       (2108, 11, 'El Ksour', 'Ouled Zid', 7160),
       (2109, 11, 'El Ksour', 'Cite Safia 1', 7160),
       (2110, 11, 'El Ksour', 'Cite Safia 2', 7160),
       (2111, 11, 'El Ksour', 'Cite Ali El Bahloul', 7160),
       (2112, 11, 'El Ksour', 'Cite Centre Ville', 7160),
       (2113, 11, 'El Ksour', 'El Afset', 7160),
       (2114, 11, 'El Ksour', 'Banou', 7160),
       (2115, 11, 'El Ksour', 'Cite Essaada', 7160),
       (2116, 11, 'El Ksour', 'Eddhila', 7160),
       (2117, 11, 'El Ksour', 'Louata', 7160),
       (2118, 11, 'El Ksour', 'Kirata', 7160),
       (2119, 11, 'El Ksour', 'Ouled Ghana', 7160),
       (2120, 11, 'El Ksour', 'Cite Mohamed Ali', 7160),
       (2121, 11, 'El Ksour', 'El Ksour', 7160),
       (2122, 11, 'El Ksour', 'Cite Sidi Ali Mahjoub', 7160),
       (2123, 11, 'El Ksour', 'Ezzitouna', 7115),
       (2124, 11, 'El Ksour', 'Cite Attouche', 7160),
       (2125, 11, 'El Ksour', 'Cite El Hella', 7160),
       (2126, 11, 'El Ksour', 'El Houilat', 7160),
       (2127, 11, 'El Ksour', 'Cite Sidi Mansour', 7160),
       (2128, 11, 'El Ksour', 'Ain El Fedhil', 7160),
       (2129, 11, 'El Ksour', 'Ain Ksiba', 7160),
       (2130, 11, 'El Ksour', 'Echaabna', 7160),
       (2131, 11, 'El Ksour', 'Ouled Bouraoui', 7160),
       (2132, 11, 'Jerissa', 'Cite Des Ouvriers', 7114),
       (2133, 11, 'Jerissa', 'Cite Essanaouber Nouvelle', 7114),
       (2134, 11, 'Jerissa', 'Cite Hached Nord', 7114),
       (2135, 11, 'Jerissa', 'Cite Chahid El Aid 2', 7114),
       (2136, 11, 'Jerissa', 'Cite Sidi Yahya', 7114),
       (2137, 11, 'Jerissa', 'El Gorraia', 7114),
       (2138, 11, 'Jerissa', 'Cite Chahid El Aid 1', 7114),
       (2139, 11, 'Jerissa', 'Cite Du Souk', 7114),
       (2140, 11, 'Jerissa', 'Cite Essarouel', 7114),
       (2141, 11, 'Jerissa', 'Cite Essanaouber Ancienne', 7114),
       (2142, 11, 'Jerissa', 'Cite Ezzouhour', 7114),
       (2143, 11, 'Jerissa', 'Cite Des Ingenieurs', 7114),
       (2144, 11, 'Jerissa', 'El Hayadra', 7114),
       (2145, 11, 'Jerissa', 'Cite Des Instituteurs', 7114),
       (2146, 11, 'Jerissa', 'Cite Taieb Mhiri', 7114),
       (2147, 11, 'Jerissa', 'Fej Ettamr', 7114),
       (2148, 11, 'Jerissa', 'Cite Echahid Sadok', 7114),
       (2149, 11, 'Jerissa', 'Cite Bourguiba', 7114),
       (2150, 11, 'Jerissa', 'Cite Essaada', 7114),
       (2151, 11, 'Jerissa', 'Cite Ali Ben Ghedhahom', 7114),
       (2152, 11, 'Jerissa', 'Cite Des Martyrs', 7114),
       (2153, 11, 'Jerissa', 'Henchir Sarrat', 7114),
       (2154, 11, 'Jerissa', 'Cite Hached Sud', 7114),
       (2155, 11, 'Jerissa', 'Cite Ahmed Tlili', 7114),
       (2156, 11, 'Jerissa', 'Cite Mohamed Ali', 7114),
       (2157, 11, 'Jerissa', 'Jerissa Gare', 7114),
       (2158, 11, 'Jerissa', 'Cite Errouki', 7114),
       (2159, 11, 'Jerissa', 'Cite Echahid Belgacem', 7114),
       (2160, 11, 'Jerissa', 'Ennaiem', 7114),
       (2161, 11, 'Jerissa', 'Ain El Garsa', 7114),
       (2162, 11, 'Jerissa', 'Jerissa', 7114),
       (2163, 11, 'Jerissa', 'Cite Ettahrir', 7114),
       (2164, 11, 'Jerissa', 'Cite Mohamed Ali Nlle', 7114),
       (2165, 11, 'Jerissa', 'Cite De La Gare', 7114),
       (2166, 11, 'Jerissa', 'Cite Ali Ben Khlifa', 7114),
       (2167, 11, 'Jerissa', 'Oum El Kelil', 7114),
       (2168, 11, 'Jerissa', 'Esbiaat', 7114),
       (2169, 11, 'Kalaa El Khasba', 'Cite Errouka', 7113),
       (2170, 11, 'Kalaa El Khasba', 'Cite El Mellessine', 7113),
       (2171, 11, 'Kalaa El Khasba', 'Cite Essouitir', 7113),
       (2172, 11, 'Kalaa El Khasba', 'Kalaa El Khasba', 7113),
       (2173, 11, 'Kalaa El Khasba', 'Sidi Ahmed Essalah', 7123),
       (2174, 11, 'Kalaat Sinane', 'Cite Du Stade', 7130),
       (2175, 11, 'Kalaat Sinane', 'Cite Essanabel', 7130),
       (2176, 11, 'Kalaat Sinane', 'Safsaf', 7130),
       (2177, 11, 'Kalaat Sinane', 'Cite Ennour', 7130),
       (2178, 11, 'Kalaat Sinane', 'Ain Sinan', 7135),
       (2179, 11, 'Kalaat Sinane', 'Cite Essanaouber Bou Arara', 7130),
       (2180, 11, 'Kalaat Sinane', 'Cite Ezzouhour Bou Arara', 7130),
       (2181, 11, 'Kalaat Sinane', 'Cite El Bassatine', 7130),
       (2182, 11, 'Kalaat Sinane', 'Cite Yougharta', 7130),
       (2183, 11, 'Kalaat Sinane', 'Cite Ennacim', 7130),
       (2184, 11, 'Kalaat Sinane', 'Cite Mongi Slim', 7130),
       (2185, 11, 'Kalaat Sinane', 'Cite Du Jardin', 7130),
       (2186, 11, 'Kalaat Sinane', 'El Felta', 7130),
       (2187, 11, 'Kalaat Sinane', 'Bou Jabeur', 7136),
       (2188, 11, 'Kalaat Sinane', 'Errebiba', 7130),
       (2189, 11, 'Kalaat Sinane', 'Cite Bourguiba', 7130),
       (2190, 11, 'Kalaat Sinane', 'Kalaat Sinane', 7130),
       (2191, 11, 'Le Sers', 'Labar', 7180),
       (2192, 11, 'Le Sers', 'Lorbous', 7180),
       (2193, 11, 'Le Sers', 'Cite Du Pont', 7180),
       (2194, 11, 'Le Sers', 'El Mellaha', 7180),
       (2195, 11, 'Le Sers', 'El Argoub', 7180),
       (2196, 11, 'Le Sers', 'Bou Sliaa', 7180),
       (2197, 11, 'Le Sers', 'Cite Ennouzha', 7180),
       (2198, 11, 'Le Sers', 'Le Sers', 7180),
       (2199, 11, 'Le Sers', 'Cite Ennour', 7180),
       (2200, 11, 'Le Sers', 'Le Vieux Sers', 7180),
       (2201, 11, 'Le Sers', 'Elles', 7180),
       (2202, 11, 'Le Sers', 'Sidi Nasser', 7180),
       (2203, 11, 'Le Sers', 'Bir Heddi', 7180),
       (2204, 11, 'Le Sers', 'Cite Ezzouhour', 7180),
       (2205, 11, 'Le Sers', 'Cite El Bassatine', 7180),
       (2206, 11, 'Le Sers', 'Cite Ennour 2', 7180),
       (2207, 11, 'Le Sers', 'Cite Ennacim', 7180),
       (2208, 11, 'Le Sers', 'Cite Essanaouber', 7180),
       (2209, 11, 'Le Sers', 'Lorbous Gare', 7180),
       (2210, 11, 'Le Sers', 'Cite Erriadh', 7180),
       (2211, 11, 'Le Sers', 'Tricha', 7180),
       (2212, 11, 'Nebeur', 'Nebeur', 7110),
       (2213, 11, 'Nebeur', 'Oued Mellegue', 7111),
       (2214, 11, 'Nebeur', 'Cite Hadj Ahmed', 7110),
       (2215, 11, 'Nebeur', 'Sidi Khiar', 7131),
       (2216, 11, 'Nebeur', 'Tell Ghouzlane', 7141),
       (2217, 11, 'Nebeur', 'Cite Ennasr', 7110),
       (2218, 11, 'Nebeur', 'Ain El Henchir', 7110),
       (2219, 11, 'Nebeur', 'Cite Nouvelle', 7110),
       (2220, 11, 'Nebeur', 'Zone Industrielle', 7110),
       (2221, 11, 'Sakiet Sidi Youssef', 'Cite Des Ouvriers', 7120),
       (2222, 11, 'Sakiet Sidi Youssef', 'Sidi Rabeh', 7120),
       (2223, 11, 'Sakiet Sidi Youssef', 'Tabia', 7120),
       (2224, 11, 'Sakiet Sidi Youssef', 'Cite El Kerfeh', 7120),
       (2225, 11, 'Sakiet Sidi Youssef', 'Cite 8 Fevrier 1', 7120),
       (2226, 11, 'Sakiet Sidi Youssef', 'Essakia', 7120),
       (2227, 11, 'Sakiet Sidi Youssef', 'Farchen', 7120),
       (2228, 11, 'Sakiet Sidi Youssef', 'Cite 8 Fevrier 2', 7120),
       (2229, 11, 'Sakiet Sidi Youssef', 'Cite 8 Fevrier 3', 7120),
       (2230, 11, 'Sakiet Sidi Youssef', 'Ain El Karma', 7125),
       (2231, 11, 'Sakiet Sidi Youssef', 'Cite Ennour 2', 7120),
       (2232, 11, 'Sakiet Sidi Youssef', 'Cite Sakmo', 7120),
       (2233, 11, 'Sakiet Sidi Youssef', 'Cite Ettahrir', 7120),
       (2234, 11, 'Sakiet Sidi Youssef', 'Cite Sprols', 7120),
       (2235, 11, 'Sakiet Sidi Youssef', 'Cite Ennour 1', 7120),
       (2236, 11, 'Sakiet Sidi Youssef', 'Place De La Republique', 7120),
       (2237, 11, 'Sakiet Sidi Youssef', 'La Mine', 7120),
       (2238, 11, 'Sakiet Sidi Youssef', 'Jeradou', 7120),
       (2239, 11, 'Sakiet Sidi Youssef', 'Cite El Intilaka', 7120),
       (2240, 11, 'Sakiet Sidi Youssef', 'Cite Moniments', 7120),
       (2241, 11, 'Tajerouine', 'Cite Errahba', 7150),
       (2242, 11, 'Tajerouine', 'Cite Du Souk', 7150),
       (2243, 11, 'Tajerouine', 'Cite El Ain', 7150),
       (2244, 11, 'Tajerouine', 'Cite Habib Thameur', 7150),
       (2245, 11, 'Tajerouine', 'Cite De La Palestine', 7150),
       (2246, 11, 'Tajerouine', 'Cite Ezzitouna', 7150),
       (2247, 11, 'Tajerouine', 'Cite El Bassatine', 7150),
       (2248, 11, 'Tajerouine', 'Cite Taieb Mhiri', 7150),
       (2249, 11, 'Tajerouine', 'Menzel Salem', 7151),
       (2250, 11, 'Tajerouine', 'Cite Essanaouber', 7150),
       (2251, 11, 'Tajerouine', 'El Hodh', 7150),
       (2252, 11, 'Tajerouine', 'Sidi Abdelbasset', 7150),
       (2253, 11, 'Tajerouine', 'La Gare', 7150),
       (2254, 11, 'Tajerouine', 'Cite Des Martyrs', 7150),
       (2255, 11, 'Tajerouine', 'Cite Du Stade', 7150),
       (2256, 11, 'Tajerouine', 'Cite Jebel', 7150),
       (2257, 11, 'Tajerouine', 'Tajerouine Gare', 7150),
       (2258, 11, 'Tajerouine', 'Cite El Fouroussia', 7150),
       (2259, 11, 'Tajerouine', 'Mahjouba', 7132),
       (2260, 11, 'Tajerouine', 'Tajerouine', 7150),
       (2261, 11, 'Tajerouine', 'Garn El Halfaya', 7150),
       (2262, 11, 'Tajerouine', 'Cite Hopital', 7150),
       (2263, 11, 'Tajerouine', 'Jazza', 7153),
       (2264, 11, 'Tajerouine', 'Cite Bourguiba 3', 7150),
       (2265, 11, 'Tajerouine', 'Cite Ain El Bar', 7150),
       (2266, 11, 'Tajerouine', 'Cite Bourguiba 1', 7150),
       (2267, 11, 'Tajerouine', 'Cite Bourguiba 2', 7150),
       (2268, 11, 'Tajerouine', 'Cite Afh', 7150),
       (2269, 11, 'Tajerouine', 'Cite 2 Mars', 7150),
       (2270, 11, 'Tajerouine', 'Cite 7 Novembre', 7150),
       (2271, 11, 'Tajerouine', 'Cite Ciok', 7150),
       (2272, 11, 'Tajerouine', 'Cite El Besma 1', 7150),
       (2273, 11, 'Tajerouine', 'Cite El Besma 2', 7150),
       (2274, 11, 'Tajerouine', 'Sidi Mtir', 7133),
       (2275, 11, 'Tajerouine', 'Cite Essakia', 7150),
       (2276, 11, 'Touiref', 'Ouljet Essedra', 7112),
       (2277, 11, 'Touiref', 'Mellala', 7112),
       (2278, 11, 'Touiref', 'Touiref', 7112),
       (2279, 11, 'Touiref', 'Bir Ben Cherifa', 7112),
       (2280, 11, 'Touiref', 'Cite Ennour', 7112),
       (2281, 11, 'Touiref', 'Gargour', 7112),
       (2282, 11, 'Touiref', 'Cite El Izdihar', 7112),
       (2283, 11, 'Touiref', 'Cite Essaada', 7112),
       (2284, 11, 'Touiref', 'Ladhieb', 7112),
       (2285, 12, 'Bou Merdes', 'Cite Jebel', 5112),
       (2286, 12, 'Bou Merdes', 'El Hous', 5110),
       (2287, 12, 'Bou Merdes', 'Kerker', 5112),
       (2288, 12, 'Bou Merdes', 'Bou Helal Sud', 5125),
       (2289, 12, 'Bou Merdes', 'Bou Merdes', 5110),
       (2290, 12, 'Bou Merdes', 'Cite Administrative', 5112),
       (2291, 12, 'Bou Merdes', 'Errouadhi', 5110),
       (2292, 12, 'Bou Merdes', 'Chouaria', 5110),
       (2293, 12, 'Bou Merdes', 'Menzel Hamza Est', 5110),
       (2294, 12, 'Bou Merdes', 'Cite Snit', 5112),
       (2295, 12, 'Bou Merdes', 'Errebibette', 5112),
       (2296, 12, 'Bou Merdes', 'Menzel Hamza Ouest', 5110),
       (2297, 12, 'Bou Merdes', 'Cite Rurale', 5112),
       (2298, 12, 'Bou Merdes', 'Cite Ghrissine', 5112),
       (2299, 12, 'Bou Merdes', 'El Aouadhbia', 5112),
       (2300, 12, 'Bou Merdes', 'Bou Helal El Ali Nord', 5112),
       (2301, 12, 'Bou Merdes', 'El Melahma', 5112),
       (2302, 12, 'Bou Merdes', 'Ennaima', 5110),
       (2303, 12, 'Bou Merdes', 'Zerata', 5110),
       (2304, 12, 'Chorbane', 'Ouled El Hannachi', 5130),
       (2305, 12, 'Chorbane', 'El Gradha Ouest', 5130),
       (2306, 12, 'Chorbane', 'Ouled Ahmed', 5130),
       (2307, 12, 'Chorbane', 'Ouled Cherifa', 5130),
       (2308, 12, 'Chorbane', 'Charaf', 5130),
       (2309, 12, 'Chorbane', 'El Khiour', 5130),
       (2310, 12, 'Chorbane', 'Neffatia', 5135),
       (2311, 12, 'Chorbane', 'Chorbane', 5130),
       (2312, 12, 'Chorbane', 'Ouled Sghaier', 5130),
       (2313, 12, 'Chorbane', 'Kheradna', 5130),
       (2314, 12, 'Chorbane', 'Henchir Bouaziz', 5130),
       (2315, 12, 'Chorbane', 'Chahda', 5133),
       (2316, 12, 'Chorbane', 'El Gradha Est', 5130),
       (2317, 12, 'Chorbane', 'Maati Cheraf', 5130),
       (2318, 12, 'Chorbane', 'Maati Henchir Bou Aziz', 5130),
       (2319, 12, 'Chorbane', 'El Bassora', 5130),
       (2320, 12, 'Chorbane', 'El Gouassem', 5130),
       (2321, 12, 'Chorbane', 'Ouled Abdennebi', 5130),
       (2322, 12, 'Chorbane', 'Cite Nouvelle', 5130),
       (2323, 12, 'El Jem', 'Ouled El Haj', 5153),
       (2324, 12, 'El Jem', 'Touahra', 5124),
       (2325, 12, 'El Jem', 'El Jem', 5160),
       (2326, 12, 'El Jem', 'Zeghabna', 5160),
       (2327, 12, 'El Jem', 'Ouled Farhat', 5160),
       (2328, 12, 'El Jem', 'Riadh Bou Helal', 5153),
       (2329, 12, 'El Jem', 'El Achaba', 5124),
       (2330, 12, 'El Jem', 'Tlelsa', 5124),
       (2331, 12, 'El Jem', 'Cite Ibn Sina', 5160),
       (2332, 12, 'El Jem', 'El Mechelette', 5160),
       (2333, 12, 'El Jem', 'Sidi Bou Helal', 5160),
       (2334, 12, 'El Jem', 'Beni Thabet', 5160),
       (2335, 12, 'El Jem', 'El Aitha', 5153),
       (2336, 12, 'El Jem', 'Cite Nouvelle', 5160),
       (2337, 12, 'Hbira', 'El Hajjara', 5113),
       (2338, 12, 'Hbira', 'Meharza 18', 5154),
       (2339, 12, 'Hbira', 'Regaiga', 5113),
       (2340, 12, 'Hbira', 'Agba', 5113),
       (2341, 12, 'Hbira', 'Hbira', 5113),
       (2342, 12, 'Hbira', 'Chahda Ouest', 5113),
       (2343, 12, 'Hbira', 'Menzel Hached', 5122),
       (2344, 12, 'Hbira', 'Chott Ouled Ncib', 5113),
       (2345, 12, 'Ksour Essaf', 'Cite Douira', 5126),
       (2346, 12, 'Ksour Essaf', 'El Bradaa', 5115),
       (2347, 12, 'Ksour Essaf', 'Cite Dhamene', 5180),
       (2348, 12, 'Ksour Essaf', 'El Ghedhabna', 5136),
       (2349, 12, 'Ksour Essaf', 'El Hessinette', 5115),
       (2350, 12, 'Ksour Essaf', 'Cite El Wafa', 5180),
       (2351, 12, 'Ksour Essaf', 'Ouled Salah', 5116),
       (2352, 12, 'Ksour Essaf', 'Cite Populaire', 5126),
       (2353, 12, 'Ksour Essaf', 'Cite El Menagua', 5126),
       (2354, 12, 'Ksour Essaf', 'Ksour Essaf Hached', 5189),
       (2355, 12, 'Ksour Essaf', 'Cite El Malaji', 5180),
       (2356, 12, 'Ksour Essaf', 'Cite El Imarat', 5126),
       (2357, 12, 'Ksour Essaf', 'Cite Ezzouhour', 5180),
       (2358, 12, 'Ksour Essaf', 'Rechercha', 5146),
       (2359, 12, 'Ksour Essaf', 'Cite El Bassatine', 5180),
       (2360, 12, 'Ksour Essaf', 'Sidi Assaker', 5116),
       (2361, 12, 'Ksour Essaf', 'Cite El Fatimi', 5180),
       (2362, 12, 'Ksour Essaf', 'Cite Salah Ben Ali', 5180),
       (2363, 12, 'Ksour Essaf', 'El Khmara', 5136),
       (2364, 12, 'Ksour Essaf', 'Ksour Essaf', 5180),
       (2365, 12, 'Ksour Essaf', 'Cite Commerciale', 5180),
       (2366, 12, 'Ksour Essaf', 'Cite El Hajeb', 5126),
       (2367, 12, 'Ksour Essaf', 'Salakta', 5126),
       (2368, 12, 'La Chebba', 'La Chebba', 5170),
       (2369, 12, 'La Chebba', 'Merkez Chaabna', 5170),
       (2370, 12, 'La Chebba', 'Ferahta', 5170),
       (2371, 12, 'La Chebba', 'Cite De La Plage', 5170),
       (2372, 12, 'Mahdia', 'Cite Des Infirmiers', 5111),
       (2373, 12, 'Mahdia', 'Merkez Ouled Dhaouadi', 5131),
       (2374, 12, 'Mahdia', 'Jouaouda', 5131),
       (2375, 12, 'Mahdia', 'Cite Essalem', 5199),
       (2376, 12, 'Mahdia', 'Cite Populaire', 5121),
       (2377, 12, 'Mahdia', 'Cite Ettaamir', 5100),
       (2378, 12, 'Mahdia', 'Mahdia Hiboun', 5111),
       (2379, 12, 'Mahdia', 'Rejiche', 5121),
       (2380, 12, 'Mahdia', 'Mahdia Republique', 5150),
       (2381, 12, 'Mahdia', 'Cite Sidi Messaoud', 5111),
       (2382, 12, 'Mahdia', 'Cite Hached', 5100),
       (2383, 12, 'Mahdia', 'Cite Bourguiba', 5100),
       (2384, 12, 'Mahdia', 'Cite Essaada', 5199),
       (2385, 12, 'Mahdia', 'Cite Taher Sfar', 5100),
       (2386, 12, 'Mahdia', 'Mahdia Essouk', 5129),
       (2387, 12, 'Mahdia', 'Chiba', 5141),
       (2388, 12, 'Mahdia', 'Mahdia', 5100),
       (2389, 12, 'Mahdia', 'Eddikhila 3', 5111),
       (2390, 12, 'Mahdia', 'Cite Ennour', 5111),
       (2391, 12, 'Mahdia', 'El Hekaima', 5131),
       (2392, 12, 'Mahdia', 'Mahdia Ezzahra', 5199),
       (2393, 12, 'Mahdia', 'Cite Afh', 5100),
       (2394, 12, 'Mahdia', 'Essaad', 5127),
       (2395, 12, 'Mahdia', 'Zouaouine', 5131),
       (2396, 12, 'Mahdia', 'Cite El Moez', 5100),
       (2397, 12, 'Mahdia', 'Cite Nouvelle', 5121),
       (2398, 12, 'Melloulech', 'Ouled Mabrouk', 5114),
       (2399, 12, 'Melloulech', 'El Houd', 5117),
       (2400, 12, 'Melloulech', 'El Mansoura', 5117),
       (2401, 12, 'Melloulech', 'Melloulech', 5114),
       (2402, 12, 'Melloulech', 'Ouled Abdallah', 5114),
       (2403, 12, 'Melloulech', 'Beni Tourch', 5114),
       (2404, 12, 'Melloulech', 'Ouled Jaballah', 5117),
       (2405, 12, 'Ouled Chamakh', 'Chehimet', 5123),
       (2406, 12, 'Ouled Chamakh', 'Ouled Amor', 5123),
       (2407, 12, 'Ouled Chamakh', 'Somra', 5120),
       (2408, 12, 'Ouled Chamakh', 'El Manaa', 5120),
       (2409, 12, 'Ouled Chamakh', 'Bou Slim', 5120),
       (2410, 12, 'Ouled Chamakh', 'El Ajilette', 5120),
       (2411, 12, 'Ouled Chamakh', 'El Mharza Est', 5120),
       (2412, 12, 'Ouled Chamakh', 'Ouled Bouzid', 5120),
       (2413, 12, 'Ouled Chamakh', 'Ouled Chamakh', 5120),
       (2414, 12, 'Sidi Alouene', 'Sakiet El Khadem', 5132),
       (2415, 12, 'Sidi Alouene', 'Zelba', 5192),
       (2416, 12, 'Sidi Alouene', 'Sidi Ali Ghedir', 5132),
       (2417, 12, 'Sidi Alouene', 'Sidi Alouene', 5190),
       (2418, 12, 'Sidi Alouene', 'Cite Dar El Hadad', 5190),
       (2419, 12, 'Sidi Alouene', 'Oued Guelat', 5132),
       (2420, 12, 'Sidi Alouene', 'El Bassatine', 5132),
       (2421, 12, 'Sidi Alouene', 'Ennouzha', 5192),
       (2422, 12, 'Sidi Alouene', 'El Mejria', 5193),
       (2423, 12, 'Sidi Alouene', 'Essaada', 5132),
       (2424, 12, 'Sidi Alouene', 'Oued Beja', 5193),
       (2425, 12, 'Sidi Alouene', 'Ouled Aicha', 5192),
       (2426, 12, 'Sidi Alouene', 'Zorda', 5151),
       (2427, 12, 'Sidi Alouene', 'El Braghtia', 5151),
       (2428, 12, 'Sidi Alouene', 'Baajla', 5190),
       (2429, 12, 'Sidi Alouene', 'Zelba El Henchir', 5192),
       (2430, 12, 'Sidi Alouene', 'Merkez Ouled Haj Khelifa', 5132),
       (2431, 12, 'Sidi Alouene', 'El Henichette', 5193),
       (2432, 12, 'Souassi', 'Ezzeirate', 5140),
       (2433, 12, 'Souassi', 'Jemamla', 5144),
       (2434, 12, 'Souassi', 'Ouled Khelifa', 5140),
       (2435, 12, 'Souassi', 'El Mansoura Souassi', 5145),
       (2436, 12, 'Souassi', 'Ksesba', 5155),
       (2437, 12, 'Souassi', 'Ethouabtia', 5140),
       (2438, 12, 'Souassi', 'Cite Populaire', 5140),
       (2439, 12, 'Souassi', 'Cite Ibn Khaldoun', 5140),
       (2440, 12, 'Souassi', 'Cite Ettaamir', 5140),
       (2441, 12, 'Souassi', 'Cite Ezzouhour', 5140),
       (2442, 12, 'Souassi', 'Ouled Moulahoum', 5140),
       (2443, 12, 'Souassi', 'Cite Commerciale', 5140),
       (2444, 12, 'Souassi', 'Essetoute', 5140),
       (2445, 12, 'Souassi', 'Rejibet', 5140),
       (2446, 12, 'Souassi', 'Ouled Amor', 5140),
       (2447, 12, 'Souassi', 'Cite Industrielle', 5140),
       (2448, 12, 'Souassi', 'Sidi Naceur Nord', 5140),
       (2449, 12, 'Souassi', 'Ouled Moulahoum Sud', 5140),
       (2450, 12, 'Souassi', 'Jemiaat', 5140),
       (2451, 12, 'Souassi', 'Souassi', 5140),
       (2452, 12, 'Souassi', 'Chaara', 5134),
       (2453, 12, 'Souassi', 'Cite 9 Avril', 5140),
       (2454, 12, 'Souassi', 'Ouled Bou Helal', 5140),
       (2455, 12, 'Souassi', 'Cite Afh', 5140),
       (2456, 12, 'Souassi', 'Gdarat', 5140),
       (2457, 12, 'Souassi', 'Sidi Bou Helal', 5140),
       (2458, 12, 'Souassi', 'Sidi Zid', 5134),
       (2459, 13, 'Borj El Amri', 'Borj El Amri', 1142),
       (2460, 13, 'Borj El Amri', 'Cite El Hafsia', 1142),
       (2461, 13, 'Borj El Amri', 'Cite Ennouzha 2', 1142),
       (2462, 13, 'Borj El Amri', 'Cite Ennouzha 1', 1142),
       (2463, 13, 'Borj El Amri', 'Ksar Hadid', 1142),
       (2464, 13, 'Borj El Amri', 'Menzel Habib', 1142),
       (2465, 13, 'Borj El Amri', 'Drijette', 1142),
       (2466, 13, 'Borj El Amri', 'Borj Ennour', 1113),
       (2467, 13, 'Borj El Amri', 'Cite Taoufik', 1142),
       (2468, 13, 'Borj El Amri', 'Enfaiedh', 1142),
       (2469, 13, 'Borj El Amri', 'Bir Ettouil', 1113),
       (2470, 13, 'Borj El Amri', 'Aouilia ( Km 37)', 1113),
       (2471, 13, 'Borj El Amri', 'El Messaidine', 1113),
       (2472, 13, 'Borj El Amri', 'Cite El Manai', 1142),
       (2473, 13, 'Borj El Amri', 'Cite El Intilaka', 1142),
       (2474, 13, 'Borj El Amri', 'Teboltech', 1142),
       (2475, 13, 'Douar Hicher', 'Douar Hicher', 2086),
       (2476, 13, 'Douar Hicher', 'Cite Khaled Ibn El Walid', 2086),
       (2477, 13, 'El Battan', 'El Battan', 1114),
       (2478, 13, 'El Battan', 'Saint Joseph', 1114),
       (2479, 13, 'El Battan', 'El Mansoura 2', 1114),
       (2480, 13, 'El Battan', 'Cite Ennouzha', 1114),
       (2481, 13, 'El Battan', 'Cite Brik', 1114),
       (2482, 13, 'El Battan', 'Cite Ennour', 1114),
       (2483, 13, 'El Battan', 'Cite El Houda', 1114),
       (2484, 13, 'El Battan', 'Ezzouitina', 1114),
       (2485, 13, 'El Battan', 'Cite 7 Novembre', 1114),
       (2486, 13, 'El Battan', 'Cite Ben Ghenia', 1114),
       (2487, 13, 'El Battan', 'El Mehrine', 1114),
       (2488, 13, 'El Battan', 'Cite Ennasr', 1114),
       (2489, 13, 'El Battan', 'Ferme N7', 1114),
       (2490, 13, 'Jedaida', 'Cite Hammed Nouvelle', 1124),
       (2491, 13, 'Jedaida', 'Cite Dhamene', 1124),
       (2492, 13, 'Jedaida', 'Cite Ennajet', 1124),
       (2493, 13, 'Jedaida', 'Cite Sidi Salem', 1124),
       (2494, 13, 'Jedaida', 'Cite El Hidaya', 1124),
       (2495, 13, 'Jedaida', 'Cite Mokhtar', 1124),
       (2496, 13, 'Jedaida', 'Cite Touhami Nefzi', 1124),
       (2497, 13, 'Jedaida', 'Cite Bel Hay', 1124),
       (2498, 13, 'Jedaida', 'Chaouat', 1134),
       (2499, 13, 'Jedaida', 'Cite Yougharta', 1124),
       (2500, 13, 'Jedaida', 'Cite Trabelsi', 1124),
       (2501, 13, 'Jedaida', 'Cite Habib El Ayari', 1124),
       (2502, 13, 'Jedaida', 'El Henna', 1124),
       (2503, 13, 'Jedaida', 'Cite Hached', 1124),
       (2504, 13, 'Jedaida', 'Jedaida', 1124),
       (2505, 13, 'Jedaida', 'Cite Jebel', 1124),
       (2506, 13, 'Jedaida', 'Cite El Baraka', 1124),
       (2507, 13, 'Jedaida', 'El Mansoura', 2075),
       (2508, 13, 'Jedaida', 'Henchir Dheniba', 1124),
       (2509, 13, 'Jedaida', 'Cite Najiba', 1124),
       (2510, 13, 'Jedaida', 'Cite Ennour', 1124),
       (2511, 13, 'Jedaida', 'Cite Tarek Ibn Zied', 1124),
       (2512, 13, 'Jedaida', 'El Habibia', 2012),
       (2513, 13, 'Jedaida', 'Cite De La Rtt', 1124),
       (2514, 13, 'Jedaida', 'Cite Ben Hassine', 1124),
       (2515, 13, 'Jedaida', 'Cite Des Andalous', 1124),
       (2516, 13, 'Jedaida', 'Cite Dhniba', 1124),
       (2517, 13, 'Jedaida', 'Cite Hamdi', 1124),
       (2518, 13, 'Jedaida', 'Cite Guichba', 1124),
       (2519, 13, 'Jedaida', 'Ezzahra', 1124),
       (2520, 13, 'Jedaida', 'Cite Rurale', 1124),
       (2521, 13, 'Jedaida', 'Cite Ecole Primaire', 1134),
       (2522, 13, 'Jedaida', 'Cite Aboubaker Esseddik', 1124),
       (2523, 13, 'Jedaida', 'Cite Erriadh', 1124),
       (2524, 13, 'Jedaida', 'Cite Essaroula', 1124),
       (2525, 13, 'Manouba', 'Denden', 2011),
       (2526, 13, 'Manouba', 'La Manouba', 2010),
       (2527, 13, 'Mornaguia', 'Cite Toumia', 1110),
       (2528, 13, 'Mornaguia', 'Ghedaouna', 1110),
       (2529, 13, 'Mornaguia', 'Cite De La Rtt 3', 1110),
       (2530, 13, 'Mornaguia', 'Mornaguia', 1110),
       (2531, 13, 'Mornaguia', 'Sidi Ali El Hattab', 2071),
       (2532, 13, 'Mornaguia', 'Bou Regba', 1110),
       (2533, 13, 'Mornaguia', 'Mornaguia 20 Mars', 1116),
       (2534, 13, 'Mornaguia', 'Cite Bir Ben Njima', 1110),
       (2535, 13, 'Mornaguia', 'El Bassatine', 2028),
       (2536, 13, 'Mornaguia', 'Bou Hanech', 2028),
       (2537, 13, 'Mornaguia', 'El Fejja', 1153),
       (2538, 13, 'Mornaguia', 'El Hamayem', 1110),
       (2539, 13, 'Oued Ellil', 'Cite Ben Arfa', 2021),
       (2540, 13, 'Oued Ellil', 'Cite Ettourjmene', 2021),
       (2541, 13, 'Oued Ellil', 'Cite Ben Jemaa', 2021),
       (2542, 13, 'Oued Ellil', 'Cite El Moultaka 1', 2021),
       (2543, 13, 'Oued Ellil', 'Cite Erriadh Zone F', 2031),
       (2544, 13, 'Oued Ellil', 'Essaida', 2031),
       (2545, 13, 'Oued Ellil', 'Cite Bejoua 2', 2021),
       (2546, 13, 'Oued Ellil', 'Cite El Boustene 1', 2021),
       (2547, 13, 'Oued Ellil', 'Cite El Boustene 2', 2021),
       (2548, 13, 'Oued Ellil', 'Cite Erriadh Zone C', 2031),
       (2549, 13, 'Oued Ellil', 'Cite Dhamene 2', 2021),
       (2550, 13, 'Oued Ellil', 'Cite Militaire', 2021),
       (2551, 13, 'Oued Ellil', 'Cite Afh', 2021),
       (2552, 13, 'Oued Ellil', 'Cite Ennacim', 2031),
       (2553, 13, 'Oued Ellil', 'Cite Bennour Bejoua 1', 2021),
       (2554, 13, 'Oued Ellil', 'Cite 7 Novembre', 2021),
       (2555, 13, 'Oued Ellil', 'Cite El Moezzia', 2021),
       (2556, 13, 'Oued Ellil', 'Cite Bouzid', 2021),
       (2557, 13, 'Oued Ellil', 'Cite El Izdihar Bejoua', 2021),
       (2558, 13, 'Oued Ellil', 'Oued Ellil', 2021),
       (2559, 13, 'Oued Ellil', 'Cite Marseille', 2021),
       (2560, 13, 'Tebourba', 'Cite Souyah', 1130),
       (2561, 13, 'Tebourba', 'El Mellaha', 1144),
       (2562, 13, 'Tebourba', 'Eddikhila', 1144),
       (2563, 13, 'Tebourba', 'El Haouaria', 1144),
       (2564, 13, 'Tebourba', 'Cite Populaire', 1130),
       (2565, 13, 'Tebourba', 'Cite De La Palestine', 1130),
       (2566, 13, 'Tebourba', 'Cite El Bassatine', 1130),
       (2567, 13, 'Tebourba', 'Ain Zammit', 1144),
       (2568, 13, 'Tebourba', 'El Ansarine', 1144),
       (2569, 13, 'Tebourba', 'Cite De France', 1130),
       (2570, 13, 'Tebourba', 'Cite Laroussia', 1130),
       (2571, 13, 'Tebourba', 'El Aroussia', 1130),
       (2572, 13, 'Tebourba', 'Cite El Mellassine', 1130),
       (2573, 13, 'Tebourba', 'Cite Ennajah', 1130),
       (2574, 13, 'Tebourba', 'Sidi Abdelbasset', 1144),
       (2575, 13, 'Tebourba', 'Cite Essaada', 1130),
       (2576, 13, 'Tebourba', 'Cite El Argoub', 1130),
       (2577, 13, 'Tebourba', 'Cite El Kef Lahmar', 1130),
       (2578, 13, 'Tebourba', 'Bir Ezzitoun', 1130),
       (2579, 13, 'Tebourba', 'Chouigui', 1133),
       (2580, 13, 'Tebourba', 'Cite Errimel', 1130),
       (2581, 13, 'Tebourba', 'Gosset El Bey', 1144),
       (2582, 13, 'Tebourba', 'Gueffaya', 1144),
       (2583, 13, 'Tebourba', 'Cite Erraja', 1130),
       (2584, 13, 'Tebourba', 'Cite Essaada 2', 1130),
       (2585, 13, 'Tebourba', 'Cite Chebbi', 1130),
       (2586, 13, 'Tebourba', 'Argoub Erroumi', 1130),
       (2587, 13, 'Tebourba', 'Cite Route Chouigui', 1130),
       (2588, 13, 'Tebourba', 'Cite Khelif Jalled', 1130),
       (2589, 13, 'Tebourba', 'El Mahfoura', 1143),
       (2590, 13, 'Tebourba', 'Goumriane', 1130),
       (2591, 13, 'Tebourba', 'Ain El Karma', 1144),
       (2592, 13, 'Tebourba', 'Borj Ettoumi', 1143),
       (2593, 13, 'Tebourba', 'Cite El Kharrouba', 1130),
       (2594, 13, 'Tebourba', 'Cite El Mandra', 1130),
       (2595, 13, 'Tebourba', 'Cite El Malja Hamra', 1130),
       (2596, 13, 'Tebourba', 'Cite El Malja', 1130),
       (2597, 13, 'Tebourba', 'Cite 7 Novembre', 1130),
       (2598, 13, 'Tebourba', 'Tebourba', 1130),
       (2599, 13, 'Tebourba', 'Toungar', 1143),
       (2600, 14, 'Ajim', 'Houmet El Fahmine', 4155),
       (2601, 14, 'Ajim', 'Tlet', 4155),
       (2602, 14, 'Ajim', 'Chaouch', 4135),
       (2603, 14, 'Ajim', 'Jabira', 4125),
       (2604, 14, 'Ajim', 'Khenensa', 4135),
       (2605, 14, 'Ajim', 'Cite Populaire', 4135),
       (2606, 14, 'Ajim', 'Bou Smail', 4135),
       (2607, 14, 'Ajim', 'Mezrane', 4135),
       (2608, 14, 'Ajim', 'Ghandri', 4135),
       (2609, 14, 'Ajim', 'Ajim', 4135),
       (2610, 14, 'Ajim', 'Houmet Ben Harzallh', 4135),
       (2611, 14, 'Ajim', 'El Guebline', 4155),
       (2612, 14, 'Ajim', 'Oued Zbib', 4166),
       (2613, 14, 'Ajim', 'Houmet Issa', 4135),
       (2614, 14, 'Ajim', 'Guellala', 4155),
       (2615, 14, 'Ajim', 'Methania', 4150),
       (2616, 14, 'Ajim', 'Houmet Bou Hastine', 4135),
       (2617, 14, 'Ajim', 'El Groo', 4125),
       (2618, 14, 'Ben Guerdane', 'Chareb Errajel', 4160),
       (2619, 14, 'Ben Guerdane', 'Oued Errabaya', 4160),
       (2620, 14, 'Ben Guerdane', 'Bou Hamed', 4160),
       (2621, 14, 'Ben Guerdane', 'Jemila', 4193),
       (2622, 14, 'Ben Guerdane', 'Neffatia', 4160),
       (2623, 14, 'Ben Guerdane', 'Cite El Baath', 4160),
       (2624, 14, 'Ben Guerdane', 'Cite Ennour', 4160),
       (2625, 14, 'Ben Guerdane', 'Cite Populaire', 4160),
       (2626, 14, 'Ben Guerdane', 'Ouersnia', 4183),
       (2627, 14, 'Ben Guerdane', 'Sayah', 4160),
       (2628, 14, 'Ben Guerdane', 'Tabai', 4160),
       (2629, 14, 'Ben Guerdane', 'Ras Jedir', 4153),
       (2630, 14, 'Ben Guerdane', 'El Maamrate', 4160),
       (2631, 14, 'Ben Guerdane', 'Cite Essourour', 4160),
       (2632, 14, 'Ben Guerdane', 'Ben Guerdane', 4160),
       (2633, 14, 'Ben Guerdane', 'Chehbania', 4163),
       (2634, 14, 'Ben Guerdane', 'Jalel', 4192),
       (2635, 14, 'Beni Khedache', 'Ksar El Kherachfa', 4110),
       (2636, 14, 'Beni Khedache', 'Beni Khedache', 4110),
       (2637, 14, 'Beni Khedache', 'Eddikhila', 4151),
       (2638, 14, 'Beni Khedache', 'Halg Jemal', 4132),
       (2639, 14, 'Beni Khedache', 'Ksar Jouamaa', 4110),
       (2640, 14, 'Beni Khedache', 'Foum Ennagueb', 4151),
       (2641, 14, 'Beni Khedache', 'Ksar El Hallouf', 4110),
       (2642, 14, 'Beni Khedache', 'Battouma', 4151),
       (2643, 14, 'Beni Khedache', 'Cite Ennour', 4110),
       (2644, 14, 'Beni Khedache', 'Ksar Jedid', 4151),
       (2645, 14, 'Beni Khedache', 'Ksar Krikria', 4151),
       (2646, 14, 'Beni Khedache', 'Chouamekh', 4159),
       (2647, 14, 'Beni Khedache', 'Ouerjijene', 4112),
       (2648, 14, 'Beni Khedache', 'Cite Ibn Khaldoun', 4110),
       (2649, 14, 'Beni Khedache', 'Zammour', 4110),
       (2650, 14, 'Beni Khedache', 'Cite Ezzouhour', 4110),
       (2651, 14, 'Beni Khedache', 'El Behira', 4151),
       (2652, 14, 'Beni Khedache', 'Cite Ettahrir', 4110),
       (2653, 14, 'Beni Khedache', 'Cite Sidi Mansour', 4110),
       (2654, 14, 'Beni Khedache', 'Ksar El Jira', 4122),
       (2655, 14, 'Beni Khedache', 'Cite Erriadh', 4110),
       (2656, 14, 'Houmet Essouk', 'Sedghiane', 4136),
       (2657, 14, 'Houmet Essouk', 'Guechiine', 4195),
       (2658, 14, 'Houmet Essouk', 'Cite Ouvriere 1', 4180),
       (2659, 14, 'Houmet Essouk', 'Ghizen', 4156),
       (2660, 14, 'Houmet Essouk', 'Oualegh', 4123),
       (2661, 14, 'Houmet Essouk', 'Cite Des Enseignants', 4180),
       (2662, 14, 'Houmet Essouk', 'Cite Populaire', 4180),
       (2663, 14, 'Houmet Essouk', 'Cite Ouvriere 2', 4180),
       (2664, 14, 'Houmet Essouk', 'Bazim', 4180),
       (2665, 14, 'Houmet Essouk', 'Cite De La Douane', 4185),
       (2666, 14, 'Houmet Essouk', 'Fatou', 4180),
       (2667, 14, 'Houmet Essouk', 'Cite Jouamaa', 4180),
       (2668, 14, 'Houmet Essouk', 'Jerba Aeroport', 4120),
       (2669, 14, 'Houmet Essouk', 'Mellita Jerba', 4115),
       (2670, 14, 'Houmet Essouk', 'Cite De La Police', 4180),
       (2671, 14, 'Houmet Essouk', 'Sarandi', 4182),
       (2672, 14, 'Houmet Essouk', 'Houmet Larbeh', 4146),
       (2673, 14, 'Houmet Essouk', 'Erriadh', 4146),
       (2674, 14, 'Houmet Essouk', 'Cite Bou Okkazine', 4180),
       (2675, 14, 'Houmet Essouk', 'Cite Snit', 4146),
       (2676, 14, 'Houmet Essouk', 'Hachene', 4180),
       (2677, 14, 'Houmet Essouk', 'Jerba', 4180),
       (2678, 14, 'Houmet Essouk', 'Sidi Mehrez', 4179),
       (2679, 14, 'Houmet Essouk', 'Souani', 4185),
       (2680, 14, 'Houmet Essouk', 'Cite Sidi El Bahri', 4180),
       (2681, 14, 'Houmet Essouk', 'Cite Sidi Zaied', 4185),
       (2682, 14, 'Houmet Essouk', 'Cite Ben Issa', 4180),
       (2683, 14, 'Houmet Essouk', 'Mezraya', 4186),
       (2684, 14, 'Houmet Essouk', 'Cite Erriadh', 4180),
       (2685, 14, 'Houmet Essouk', 'Sidi Zaied', 4190),
       (2686, 14, 'Medenine Nord', 'Cite Ezzouhour', 4100),
       (2687, 14, 'Medenine Nord', 'Cite El Khrachfa', 4100),
       (2688, 14, 'Medenine Nord', 'Cite Haddada', 4100),
       (2689, 14, 'Medenine Nord', 'Medenine El Maarifa', 4142),
       (2690, 14, 'Medenine Nord', 'Oum Ettamar', 4111),
       (2691, 14, 'Medenine Nord', 'Cite Sidi Ezzitouni', 4100),
       (2692, 14, 'Medenine Nord', 'Medenine El Jedida', 4130),
       (2693, 14, 'Medenine Nord', 'Koutine', 4121),
       (2694, 14, 'Medenine Nord', 'Cite Ennour', 4100),
       (2695, 14, 'Medenine Nord', 'Cite Jouamaa', 4100),
       (2696, 14, 'Medenine Nord', 'Cite Nouvelle', 4100),
       (2697, 14, 'Medenine Sud', 'Cite Des Abricots', 4100),
       (2698, 14, 'Medenine Sud', 'Amra Nouvelle', 4100),
       (2699, 14, 'Medenine Sud', 'Hassi Amor', 4131),
       (2700, 14, 'Medenine Sud', 'Cite Cheraiha', 4100),
       (2701, 14, 'Medenine Sud', 'Cite Erraja', 4100),
       (2702, 14, 'Medenine Sud', 'Cite Touta', 4100),
       (2703, 14, 'Medenine Sud', 'Essaadane', 4100),
       (2704, 14, 'Medenine Sud', 'El Maghraouia', 4143),
       (2705, 14, 'Medenine Sud', 'Cite El Ahras', 4100),
       (2706, 14, 'Medenine Sud', 'El Amra', 4100),
       (2707, 14, 'Medenine Sud', 'Bou Ghrara', 4141),
       (2708, 14, 'Medenine Sud', 'Cite Ennacim', 4100),
       (2709, 14, 'Medenine Sud', 'Oued Esseder', 4100),
       (2710, 14, 'Medenine Sud', 'Beni Ghezeyel', 4100),
       (2711, 14, 'Medenine Sud', 'Cite Gammoudi Cheref', 4100),
       (2712, 14, 'Medenine Sud', 'Touicha', 4100),
       (2713, 14, 'Medenine Sud', 'Tajerjimet', 4100),
       (2714, 14, 'Medenine Sud', 'Medenine', 4100),
       (2715, 14, 'Medenine Sud', 'Souitir', 4100),
       (2716, 14, 'Medenine Sud', 'Medenine Perseverance', 4127),
       (2717, 14, 'Midoun', 'Ouled Amor', 4113),
       (2718, 14, 'Midoun', 'El Krachoua', 4145),
       (2719, 14, 'Midoun', 'Sayagh', 4116),
       (2720, 14, 'Midoun', 'Dar Jerba', 4199),
       (2721, 14, 'Midoun', 'Arkou', 4176),
       (2722, 14, 'Midoun', 'Houmet Hazem', 4175),
       (2723, 14, 'Midoun', 'El May', 4175),
       (2724, 14, 'Midoun', 'Robbana', 4133),
       (2725, 14, 'Midoun', 'Cedouikeche', 4145),
       (2726, 14, 'Midoun', 'Jamaa El Gaied', 4116),
       (2727, 14, 'Midoun', 'Aghir', 4116),
       (2728, 14, 'Midoun', 'Ouersighen', 4145),
       (2729, 14, 'Midoun', 'Tomogret', 4145),
       (2730, 14, 'Midoun', 'Sidi Yati', 4116),
       (2731, 14, 'Midoun', 'El Hadadda', 4116),
       (2732, 14, 'Midoun', 'Mahboubine', 4165),
       (2733, 14, 'Midoun', 'Zone Hoteliere', 4116),
       (2734, 14, 'Midoun', 'Beni Maaguel', 4126),
       (2735, 14, 'Midoun', 'Midoun', 4116),
       (2736, 14, 'Midoun', 'Tafartast', 4145),
       (2737, 14, 'Midoun', 'Khazroun', 4116),
       (2738, 14, 'Sidi Makhlouf', 'Erragouba El Gharbia', 4181),
       (2739, 14, 'Sidi Makhlouf', 'Cite 9 Avril', 4191),
       (2740, 14, 'Sidi Makhlouf', 'Erragouba', 4181),
       (2741, 14, 'Sidi Makhlouf', 'El Bayaz', 4181),
       (2742, 14, 'Sidi Makhlouf', 'El Grine', 4191),
       (2743, 14, 'Sidi Makhlouf', 'El Ghabbay', 4181),
       (2744, 14, 'Sidi Makhlouf', 'El Gosba', 4191),
       (2745, 14, 'Sidi Makhlouf', 'El Morra', 4191),
       (2746, 14, 'Sidi Makhlouf', 'Jorf', 4117),
       (2747, 14, 'Sidi Makhlouf', 'Bedoui', 4191),
       (2748, 14, 'Sidi Makhlouf', 'Sidi Makhlouf', 4191),
       (2749, 14, 'Zarzis', 'Cite Sidi El Kebir', 4170),
       (2750, 14, 'Zarzis', 'El Mouensa', 4144),
       (2751, 14, 'Zarzis', 'Erraja', 4114),
       (2752, 14, 'Zarzis', 'Cite Darb El Bab', 4170),
       (2753, 14, 'Zarzis', 'Cite Populaire', 4134),
       (2754, 14, 'Zarzis', 'Khaoui El Ghedir', 4170),
       (2755, 14, 'Zarzis', 'Chammakh', 4134),
       (2756, 14, 'Zarzis', 'Cite Chokrbane', 4170),
       (2757, 14, 'Zarzis', 'Cite Ksar Ouled Said', 4170),
       (2758, 14, 'Zarzis', 'El Khriba', 4134),
       (2759, 14, 'Zarzis', 'Souihel', 4173),
       (2760, 14, 'Zarzis', 'Gribis', 4164),
       (2761, 14, 'Zarzis', 'Ras Edhahra', 4170),
       (2762, 14, 'Zarzis', 'El Marathia', 4170),
       (2763, 14, 'Zarzis', 'Lella Mariem', 4173),
       (2764, 14, 'Zarzis', 'Zarzis', 4170),
       (2765, 14, 'Zarzis', 'Bou Teffaha', 4170),
       (2766, 14, 'Zarzis', 'Ouled Abdennebi', 4173),
       (2767, 14, 'Zarzis', 'Cite Zrig', 4134),
       (2768, 14, 'Zarzis', 'Cite El Kriba', 4134),
       (2769, 14, 'Zarzis', 'Ouglet Souihel', 4170),
       (2770, 14, 'Zarzis', 'Kaoui El Kadir', 4170),
       (2771, 14, 'Zarzis', 'Jedaria', 4172),
       (2772, 14, 'Zarzis', 'Beni Fetaiel', 4170),
       (2773, 14, 'Zarzis', 'Cite Ksar Ouled Mhamed', 4170),
       (2774, 14, 'Zarzis', 'Bou Jlida', 4170),
       (2775, 14, 'Zarzis', 'El Hichem', 4124),
       (2776, 14, 'Zarzis', 'Sanchou', 4170),
       (2777, 14, 'Zarzis', 'Cite El Mansoura', 4173),
       (2778, 14, 'Zarzis', 'Hamadi El Guebli', 4194),
       (2779, 14, 'Zarzis', 'Cite Sidi Saad', 4173),
       (2780, 14, 'Zarzis', 'El Ghrabate', 4154),
       (2781, 14, 'Zarzis', 'Cite Beni Fetaiel 1', 4173),
       (2782, 14, 'Zarzis', 'Cite Sangho', 4173),
       (2783, 14, 'Zarzis', 'Cite Beni Fetaiel 2', 4173),
       (2784, 14, 'Zarzis', 'Zarzis Zone Franche', 4137),
       (2785, 14, 'Zarzis', 'Hassi Jerbi', 4174),
       (2786, 14, 'Zarzis', 'Ksar Ezzaouia', 4170),
       (2787, 14, 'Zarzis', 'Sahbi', 4170),
       (2788, 15, 'Bekalta', 'Ouled Hedda', 5090),
       (2789, 15, 'Bekalta', 'Cite El Bassatine', 5090),
       (2790, 15, 'Bekalta', 'Zebid', 5090),
       (2791, 15, 'Bekalta', 'El Behira', 5092),
       (2792, 15, 'Bekalta', 'Bekalta', 5090),
       (2793, 15, 'Bekalta', 'Baghdadi', 5090),
       (2794, 15, 'Bekalta', 'Charaf', 5091),
       (2795, 15, 'Bekalta', 'Guealla', 5090),
       (2796, 15, 'Bekalta', 'Cite El Izdihar', 5090),
       (2797, 15, 'Bekalta', 'Ouled Touibi', 5090),
       (2798, 15, 'Bekalta', 'Ouled Issa', 5090),
       (2799, 15, 'Bekalta', 'Cite Nouvelle', 5090),
       (2800, 15, 'Bembla', 'Cite El Mandra', 5021),
       (2801, 15, 'Bembla', 'Mazdour', 5032),
       (2802, 15, 'Bembla', 'Cite Ennabka', 5021),
       (2803, 15, 'Bembla', 'Cite El Jazia', 5022),
       (2804, 15, 'Bembla', 'Cite El Khadhra', 5021),
       (2805, 15, 'Bembla', 'Menzel Ennour', 5022),
       (2806, 15, 'Bembla', 'Cite 2 Mars', 5022),
       (2807, 15, 'Bembla', 'Cite Populaire', 5021),
       (2808, 15, 'Bembla', 'Menara', 5076),
       (2809, 15, 'Bembla', 'Menzel Harb', 5036),
       (2810, 15, 'Bembla', 'Bembla', 5021),
       (2811, 15, 'Bembla', 'Cite Souihria', 5022),
       (2812, 15, 'Beni Hassen', 'Beni Hassen', 5014),
       (2813, 15, 'Beni Hassen', 'Ghenada', 5026),
       (2814, 15, 'Beni Hassen', 'Amirat Hatem', 5062),
       (2815, 15, 'Beni Hassen', 'Cite Ettahrir', 5014),
       (5009, 15, 'Jemmal', 'Cite El Khadhra', 5020),
       (5010, 15, 'Jemmal', 'Cite El Khadhra', 5028),
       (2816, 15, 'Jemmal', 'Cite Ezzouhour 2', 5020),
       (2817, 15, 'Jemmal', 'Ettiayra', 5027),
       (2818, 15, 'Jemmal', 'Cite Ennouzha', 5020),
       (2819, 15, 'Jemmal', 'Cite El Fateh', 5020),
       (2820, 15, 'Jemmal', 'Bir Taieb', 5043),
       (2821, 15, 'Jemmal', 'Cite Essalem', 5020),
       (2822, 15, 'Jemmal', 'Cite Ezzouhour 1', 5020),
       (2823, 15, 'Jemmal', 'Cite Ettaamir', 5020),
       (2824, 15, 'Jemmal', 'Cite Ettadhamen', 5020),
       (2825, 15, 'Jemmal', 'Cite El Yasmine', 5020),
       (2826, 15, 'Jemmal', 'Cite Sidi Messaoud', 5020),
       (2827, 15, 'Jemmal', 'Zaouiet Kontech', 5028),
       (2828, 15, 'Jemmal', 'Cite Commerciale 1', 5020),
       (2829, 15, 'Jemmal', 'Cite El Intilaka', 5020),
       (2830, 15, 'Jemmal', 'Cite Commerciale 2', 5020),
       (2831, 15, 'Jemmal', 'Cite Jardins', 5020),
       (2832, 15, 'Jemmal', 'Menzel Kamel', 5013),
       (2833, 15, 'Jemmal', 'Cite Ezzahra', 5020),
       (2834, 15, 'Jemmal', 'Cite Ennour', 5020),
       (2835, 15, 'Jemmal', 'Cite El Manar 2', 5020),
       (2836, 15, 'Jemmal', 'Jemmal Kheireddine', 5030),
       (2837, 15, 'Jemmal', 'Cite El Manar 1', 5020),
       (2838, 15, 'Jemmal', 'Jemmal', 5020),
       (2839, 15, 'Jemmal', 'Cite El Bassatine1', 5020),
       (2840, 15, 'Jemmal', 'Cite El Bassatine2', 5020),
       (2841, 15, 'Jemmal', 'Cite El Amen', 5020),
       (2842, 15, 'Jemmal', 'Cite El Wifak', 5020),
       (2843, 15, 'Jemmal', 'Cite Ettahrir', 5028),
       (2844, 15, 'Jemmal', 'Cite Jawhara', 5020),
       (2845, 15, 'Jemmal', 'El Hedadra', 5017),
       (2846, 15, 'Jemmal', 'Cite Independance', 5020),
       (2847, 15, 'Jemmal', 'Cite Operations Du Sahel', 5020),
       (2848, 15, 'Jemmal', 'Cite El Izdihar', 5020),
       (2849, 15, 'Jemmal', 'Cite Ennasr', 5020),
       (2850, 15, 'Jemmal', 'Cite Erriadh', 5020),
       (2851, 15, 'Ksar Helal', 'Cite Chougar', 5070),
       (2852, 15, 'Ksar Helal', 'Cite Dar Bumbla', 5070),
       (2853, 15, 'Ksar Helal', 'Cite Industrielle', 5070),
       (2854, 15, 'Ksar Helal', 'Cite Bit Mekka', 5070),
       (2855, 15, 'Ksar Helal', 'Cite Erriadh 2', 5070),
       (2856, 15, 'Ksar Helal', 'Ksar Helal', 5070),
       (2857, 15, 'Ksar Helal', 'Cite Erriadh 3', 5070),
       (2858, 15, 'Ksar Helal', 'Cite De La Municipalite', 5070),
       (2859, 15, 'Ksar Helal', 'Cite Ejjebsa', 5070),
       (2860, 15, 'Ksar Helal', 'Cite Moueheddine', 5070),
       (2861, 15, 'Ksar Helal', 'Cite Bir Ali Hellal', 5070),
       (2862, 15, 'Ksar Helal', 'Cite Erriadh 1', 5070),
       (2863, 15, 'Ksar Helal', 'Cite Bir Soukra', 5070),
       (2864, 15, 'Ksar Helal', 'Cite Oued Kacem Et El Ourami', 5070),
       (2865, 15, 'Ksar Helal', 'Ksar Helal Riadh', 5016),
       (2866, 15, 'Ksar Helal', 'Cite El Maglouba', 5070),
       (2867, 15, 'Ksar Helal', 'Cite Commerciale 1', 5070),
       (2868, 15, 'Ksar Helal', 'Cite Sanit Zaag Et Charef', 5070),
       (2869, 15, 'Ksar Helal', 'Cite Commerciale 2', 5070),
       (2870, 15, 'Ksar Helal', 'Cite El Gariaa', 5070),
       (5011, 15, 'Ksibet El Mediouni', 'Cite El Bassatine', 5025),
       (5012, 15, 'Ksibet El Mediouni', 'Cite El Bassatine', 5031),
       (2871, 15, 'Ksibet El Mediouni', 'Cite Ennadhour 3', 5031),
       (2872, 15, 'Ksibet El Mediouni', 'Bou Dher', 5063),
       (2873, 15, 'Ksibet El Mediouni', 'Cite Ennadhour 2', 5031),
       (2874, 15, 'Ksibet El Mediouni', 'Bennane', 5025),
       (2875, 15, 'Ksibet El Mediouni', 'Cite Ennadhour 1', 5031),
       (2876, 15, 'Ksibet El Mediouni', 'Cite Air Nouvelle', 5025),
       (2877, 15, 'Ksibet El Mediouni', 'Cite Tarek Ibn Zied', 5031),
       (2878, 15, 'Ksibet El Mediouni', 'Cite Populaire', 5031),
       (2879, 15, 'Ksibet El Mediouni', 'Cite 18 Janvier', 5031),
       (2880, 15, 'Ksibet El Mediouni', 'Cite Ezzayatine', 5031),
       (2881, 15, 'Ksibet El Mediouni', 'Touza', 5023),
       (2882, 15, 'Ksibet El Mediouni', 'Cite Rabbah', 5031),
       (2883, 15, 'Ksibet El Mediouni', 'Cite Snit', 5031),
       (2884, 15, 'Ksibet El Mediouni', 'Ksibet El Mediouni', 5031),
       (2885, 15, 'Ksibet El Mediouni', 'Cite Oued Sekkal', 5031),
       (2886, 15, 'Ksibet El Mediouni', 'Cite Commerciale', 5031),
       (2887, 15, 'Ksibet El Mediouni', 'Cite El Intilaka', 5025),
       (2888, 15, 'Ksibet El Mediouni', 'Cite Essakia', 5031),
       (2889, 15, 'Ksibet El Mediouni', 'Cite De La Liberte', 5031),
       (2890, 15, 'Ksibet El Mediouni', 'Cite Sidi El Mediouni', 5031),
       (2891, 15, 'Moknine', 'Amirat El Hojjej', 5071),
       (2892, 15, 'Moknine', 'Cite Mesada', 5050),
       (2893, 15, 'Moknine', 'Cite Populaire', 5034),
       (2894, 15, 'Moknine', 'Cite Chahed 1', 5050),
       (2895, 15, 'Moknine', 'Cite El Bassatine', 5034),
       (2896, 15, 'Moknine', 'Cite Zraraa', 5034),
       (2897, 15, 'Moknine', 'Cite Chahed 3', 5050),
       (2898, 15, 'Moknine', 'Cite Ezzayatine', 5034),
       (2899, 15, 'Moknine', 'Cite Ras El Oued', 5050),
       (2900, 15, 'Moknine', 'Cite Chahed 2', 5050),
       (2901, 15, 'Moknine', 'Moknine El Jadida', 5051),
       (2902, 15, 'Moknine', 'Cite Trabelsia', 5034),
       (2903, 15, 'Moknine', 'Sidi Bannour', 5044),
       (2904, 15, 'Moknine', 'Cite El Omrane', 5034),
       (2905, 15, 'Moknine', 'Moknine', 5050),
       (2906, 15, 'Moknine', 'Cite Hmada Bacha', 5050),
       (2907, 15, 'Moknine', 'Menzel Fersi', 5024),
       (2908, 15, 'Moknine', 'Amirat El Fehoul', 5053),
       (2909, 15, 'Moknine', 'Amirat Touazra', 5054),
       (2910, 15, 'Moknine', 'Cite Gribaa', 5050),
       (2911, 15, 'Moknine', 'Cherahil', 5034),
       (2912, 15, 'Moknine', 'Cite 7 Novembre', 5050),
       (2913, 15, 'Moknine', 'Cite Souassi', 5050),
       (2914, 15, 'Moknine', 'Cite Ennasr', 5034),
       (2915, 15, 'Moknine', 'Cite Erriadh', 5050),
       (2916, 15, 'Monastir', 'Cite Cnrps', 5060),
       (2917, 15, 'Monastir', 'Cite Sidi Nasser', 5060),
       (2918, 15, 'Monastir', 'Monastir Gare', 5079),
       (2919, 15, 'Monastir', 'Cite Cheraka', 5060),
       (2920, 15, 'Monastir', 'Cite Essalem', 5060),
       (2921, 15, 'Monastir', 'Cite El Faouz', 5060),
       (2922, 15, 'Monastir', 'Cite El Farik', 5060),
       (2923, 15, 'Monastir', 'Monastir Aeroport', 5065),
       (2924, 15, 'Monastir', 'Monastir', 5000),
       (2925, 15, 'Monastir', 'Cite El Amel', 5060),
       (2926, 15, 'Monastir', 'Cite Bir Hlou', 5060),
       (2927, 15, 'Monastir', 'Cite El Bassatine', 5089),
       (2928, 15, 'Monastir', 'Cite El Mzali', 5060),
       (2929, 15, 'Monastir', 'Khenis', 5011),
       (2930, 15, 'Monastir', 'Cite Trabelsia', 5060),
       (2931, 15, 'Monastir', 'Monastir Republique', 5060),
       (2932, 15, 'Monastir', 'Zone Hoteliere', 5065),
       (2933, 15, 'Monastir', 'Cite Essaada', 5060),
       (2934, 15, 'Monastir', 'Cite Erriadh', 5060),
       (2935, 15, 'Monastir', 'Zone Skanes', 5060),
       (2936, 15, 'Ouerdanine', 'Bou Othmane', 5052),
       (2937, 15, 'Ouerdanine', 'Cite 22 Janvier', 5010),
       (2938, 15, 'Ouerdanine', 'Cite Mohamed Ali', 5010),
       (2939, 15, 'Ouerdanine', 'Cite Ennouzha', 5010),
       (2940, 15, 'Ouerdanine', 'Cite 7 Novembre', 5010),
       (2941, 15, 'Ouerdanine', 'Cite Abdelaziz Thaalbi', 5010),
       (2942, 15, 'Ouerdanine', 'Menzel Khir', 5041),
       (2943, 15, 'Ouerdanine', 'Cite Ennouhoudh', 5010),
       (2944, 15, 'Ouerdanine', 'Ouerdanine', 5010),
       (2945, 15, 'Sahline', 'Cite Echaabia Nlle', 5012),
       (2946, 15, 'Sahline', 'Sidi Ameur', 5061),
       (2947, 15, 'Sahline', 'Mesjed Issa', 5042),
       (2948, 15, 'Sahline', 'Sahline', 5012),
       (2949, 15, 'Sahline', 'Mootmar', 5012),
       (2950, 15, 'Sahline', 'Cite Nouvelle', 5061),
       (5015, 15, 'Sayada Lamta Bou Hajar', 'Cite Nouvelle', 5015),
       (5013, 15, 'Sayada Lamta Bou Hajar', 'Cite Nouvelle', 5035),
       (2951, 15, 'Sayada Lamta Bou Hajar', 'Cite Bir El Ayeb', 5099),
       (2952, 15, 'Sayada Lamta Bou Hajar', 'Cite Sidi Ammar', 5035),
       (2953, 15, 'Sayada Lamta Bou Hajar', 'Sayada', 5035),
       (2954, 15, 'Sayada Lamta Bou Hajar', 'Bou Hajar', 5015),
       (2955, 15, 'Sayada Lamta Bou Hajar', 'Sidi Abdessalem', 5035),
       (2956, 15, 'Sayada Lamta Bou Hajar', 'Cite Choobet Romman', 5015),
       (2957, 15, 'Sayada Lamta Bou Hajar', 'Lamta', 5099),
       (2958, 15, 'Sayada Lamta Bou Hajar', 'Cite Ennadhour', 5099),
       (2959, 15, 'Sayada Lamta Bou Hajar', 'Cite Gourraia', 5035),
       (2960, 15, 'Teboulba', 'Teboulba', 5080),
       (2961, 15, 'Teboulba', 'Soukrine', 5066),
       (2962, 15, 'Teboulba', 'Cite Bou Drisse', 5080),
       (2963, 15, 'Teboulba', 'Cite El Fadhline', 5080),
       (2964, 15, 'Zeramdine', 'Cite El Manar', 5040),
       (2965, 15, 'Zeramdine', 'Mlichette', 5046),
       (2966, 15, 'Zeramdine', 'Menzel Hayet', 5033),
       (2967, 15, 'Zeramdine', 'Cite El Kods', 5040),
       (2968, 15, 'Zeramdine', 'Mzaougha', 5045),
       (2969, 15, 'Zeramdine', 'Zeramdine', 5040),
       (2970, 16, 'Beni Khalled', 'Cite Latrech', 8021),
       (2971, 16, 'Beni Khalled', 'Zaouiet Jedidi', 8099),
       (2972, 16, 'Beni Khalled', 'Cite Mekki', 8021),
       (2973, 16, 'Beni Khalled', 'Cite Du Printemps', 8021),
       (2974, 16, 'Beni Khalled', 'Cite Essalem', 8021),
       (2975, 16, 'Beni Khalled', 'Cite Achibet Amor', 8021),
       (2976, 16, 'Beni Khalled', 'Cite Chelbia Oumaya', 8021),
       (2977, 16, 'Beni Khalled', 'Cite Ettaamir', 8021),
       (2978, 16, 'Beni Khalled', 'Cite Ezzouhour', 8021),
       (2979, 16, 'Beni Khalled', 'Cite Sidi Bou Yahia', 8021),
       (2980, 16, 'Beni Khalled', 'Cite Sidi Bou Said', 8099),
       (2981, 16, 'Beni Khalled', 'Cite Jardins 1', 8099),
       (2982, 16, 'Beni Khalled', 'Cite Jardins 2', 8099),
       (2983, 16, 'Beni Khalled', 'Beni Khalled', 8021),
       (2984, 16, 'Beni Khalled', 'Cite Ben Romdhane', 8021),
       (2985, 16, 'Beni Khalled', 'Cite Ezzaouch', 8021),
       (2986, 16, 'Beni Khalled', 'Cite Air Nouvelle', 8021),
       (2987, 16, 'Beni Khalled', 'Cite Alaya Yakoubi', 8021),
       (2988, 16, 'Beni Khalled', 'Cite Erriadh 2', 8099),
       (2989, 16, 'Beni Khalled', 'Cite Erriadh 1', 8099),
       (2990, 16, 'Beni Khalled', 'Cite El Gaied', 8021),
       (2991, 16, 'Beni Khalled', 'Cite Daghrour', 8021),
       (2992, 16, 'Beni Khalled', 'Cite El Houda', 8099),
       (2993, 16, 'Beni Khalled', 'Cite Des Jeunes', 8021),
       (2994, 16, 'Beni Khalled', 'Bir Drassen', 8014),
       (2995, 16, 'Beni Khalled', 'Cite Mokhtar Rhouma', 8021),
       (2996, 16, 'Beni Khalled', 'Cite Souissi', 8021),
       (2997, 16, 'Beni Khiar', 'Cite Chafrada 2', 8023),
       (2998, 16, 'Beni Khiar', 'Ghardaya', 8066),
       (2999, 16, 'Beni Khiar', 'Cite Chafrada 1', 8023),
       (3000, 16, 'Beni Khiar', 'El Halfa', 8023),
       (3001, 16, 'Beni Khiar', 'Cite Mansour', 8023),
       (3002, 16, 'Beni Khiar', 'Cite Bou Jaafar', 8023),
       (3003, 16, 'Beni Khiar', 'Beni Khiar', 8060),
       (3004, 16, 'Beni Khiar', 'Cite Ezzouhour', 8023),
       (3005, 16, 'Beni Khiar', 'El Maamoura', 8013),
       (3006, 16, 'Beni Khiar', 'Cite El Manar', 8023),
       (3007, 16, 'Beni Khiar', 'Cite Des Jeunes', 8023),
       (3008, 16, 'Beni Khiar', 'Cite Populaire 1', 8023),
       (3009, 16, 'Beni Khiar', 'Somaa', 8023),
       (3010, 16, 'Beni Khiar', 'Cite Du Jardin', 8023),
       (3011, 16, 'Beni Khiar', 'Diar Ben Salem', 8060),
       (3012, 16, 'Beni Khiar', 'Cite De La Liberte', 8023),
       (3013, 16, 'Beni Khiar', 'Cite Erriadh', 8060),
       (3014, 16, 'Bou Argoub', 'El Kharrouba', 8040),
       (3015, 16, 'Bou Argoub', 'Bou Ali', 8040),
       (3016, 16, 'Bou Argoub', 'Borj El Grais', 8061),
       (3017, 16, 'Bou Argoub', 'Cite Jadida', 8040),
       (3018, 16, 'Bou Argoub', 'Doukhania', 8040),
       (3019, 16, 'Bou Argoub', 'Borj Hafaiedh', 8040),
       (3020, 16, 'Bou Argoub', 'Harithine', 8040),
       (3021, 16, 'Bou Argoub', 'Bou Argoub', 8040),
       (3022, 16, 'Bou Argoub', 'El Machrouha', 8040),
       (3023, 16, 'Bou Argoub', 'Cite Mongi Slim', 8040),
       (3024, 16, 'Bou Argoub', 'Cite Sprols', 8040),
       (3025, 16, 'Bou Argoub', 'Bou Rbii', 8040),
       (3026, 16, 'Bou Argoub', 'Bousehem', 8040),
       (3027, 16, 'Bou Argoub', 'Ouled Abdallah', 8040),
       (3028, 16, 'Bou Argoub', 'Cite Commerciale', 8040),
       (3029, 16, 'Bou Argoub', 'Zone Industrielle', 8040),
       (3030, 16, 'Bou Argoub', 'El Grabcha', 8040),
       (3031, 16, 'Bou Argoub', 'Cite De La Carriere', 8040),
       (3032, 16, 'Bou Argoub', 'Cite El Hourria', 8040),
       (3033, 16, 'Bou Argoub', 'Cite El Houani', 8040),
       (3034, 16, 'Bou Argoub', 'Cite Cnel', 8040),
       (3035, 16, 'Bou Argoub', 'Douali', 8040),
       (3036, 16, 'Bou Argoub', 'Sidi Dhaher', 8061),
       (3037, 16, 'Bou Argoub', 'Cite Ezzaouia', 8040),
       (3038, 16, 'Bou Argoub', 'El Mhedhba', 8040),
       (3039, 16, 'Bou Argoub', 'Belli', 8022),
       (3040, 16, 'Bou Argoub', 'Cite El Henchir', 8040),
       (3041, 16, 'Bou Argoub', 'Chagleb', 8040),
       (3042, 16, 'Dar Chaabane Elfehri', 'Cite Barnoussa', 8011),
       (3043, 16, 'Dar Chaabane Elfehri', 'El Frinine', 8011),
       (3044, 16, 'Dar Chaabane Elfehri', 'Cite El Ferdaous', 8011),
       (3045, 16, 'Dar Chaabane Elfehri', 'Cite Ennouzha', 8011),
       (3046, 16, 'Dar Chaabane Elfehri', 'Cite Oued El Ghoula', 8011),
       (3047, 16, 'Dar Chaabane Elfehri', 'Bayoub', 8011),
       (3048, 16, 'Dar Chaabane Elfehri', 'Dar Chaabane Plage', 8075),
       (3049, 16, 'Dar Chaabane Elfehri', 'Cite Ettakaddoum', 8011),
       (3050, 16, 'Dar Chaabane Elfehri', 'Dar Chaabane Elfehri', 8011),
       (3051, 16, 'El Haouaria', 'El Kermania', 8046),
       (3052, 16, 'El Haouaria', 'El Gorfa', 8026),
       (3053, 16, 'El Haouaria', 'Bou Hbib', 8074),
       (3054, 16, 'El Haouaria', 'El Haouaria', 8045),
       (3055, 16, 'El Haouaria', 'Tazougrane', 8074),
       (3056, 16, 'El Haouaria', 'Bou Krim', 8036),
       (3057, 16, 'El Haouaria', 'Cite Des Rouines', 8045),
       (3058, 16, 'El Haouaria', 'Cite Ezzouhour', 8045),
       (3059, 16, 'El Haouaria', 'Sidi Daoud', 8016),
       (3060, 16, 'El Haouaria', 'Bir El Jedey', 8046),
       (3061, 16, 'El Haouaria', 'Sidi Hassoun', 8045),
       (3062, 16, 'El Haouaria', 'Cite El Khadhra', 8045),
       (3063, 16, 'El Haouaria', 'Cite Sprols', 8045),
       (3064, 16, 'El Haouaria', 'Ferjoun', 8045),
       (3065, 16, 'El Haouaria', 'Menzel Salem', 8045),
       (3066, 16, 'El Haouaria', 'Saheb Jebel', 8026),
       (3067, 16, 'El Haouaria', 'Cite Essalama', 8045),
       (3068, 16, 'El Haouaria', 'Cite El Intilaka', 8045),
       (3069, 16, 'El Haouaria', 'Cite Touristique', 8045),
       (3070, 16, 'El Haouaria', 'Zaouiet El Mgaies', 8046),
       (3071, 16, 'El Haouaria', 'Charaf', 8045),
       (3072, 16, 'El Haouaria', 'Cite Ennour', 8045),
       (3073, 16, 'El Haouaria', 'Zougag', 8074),
       (3074, 16, 'El Haouaria', 'Cite El Amel', 8045),
       (3075, 16, 'El Haouaria', 'Beni Khira', 8026),
       (3076, 16, 'El Haouaria', 'Cite Des Jeunes', 8045),
       (3077, 16, 'El Haouaria', 'El Kedoua', 8045),
       (3078, 16, 'El Haouaria', 'Cite El Izdihar', 8045),
       (3079, 16, 'El Mida', 'El Maisra', 8044),
       (3080, 16, 'El Mida', 'Tefeloun', 8071),
       (3081, 16, 'El Mida', 'El Khelaifa', 8044),
       (3082, 16, 'El Mida', 'Erreghine', 8044),
       (3083, 16, 'El Mida', 'Cite Dhahret Ezzaouia', 8044),
       (3084, 16, 'El Mida', 'El Mida', 8044),
       (3085, 16, 'El Mida', 'Sidi Bou Ali', 8044),
       (3086, 16, 'El Mida', 'Menzel Touhami', 8044),
       (3087, 16, 'El Mida', 'Ain El Ghrab', 8044),
       (3088, 16, 'El Mida', 'Fartouna', 8089),
       (3089, 16, 'El Mida', 'Errouiguette', 8044),
       (3090, 16, 'El Mida', 'Oum Dhouil Zaouia', 8044),
       (3091, 16, 'El Mida', 'Cite Essoualmia', 8044),
       (3092, 16, 'El Mida', 'Oum Dhouil Village', 8044),
       (3093, 16, 'Grombalia', 'Zemnit', 8093),
       (3094, 16, 'Grombalia', 'Cite Dhamene', 8030),
       (3095, 16, 'Grombalia', 'El Karmia', 8030),
       (3096, 16, 'Grombalia', 'Khanguet El Hojjaj', 8082),
       (3097, 16, 'Grombalia', 'Henchir Ettouta', 8030),
       (3098, 16, 'Grombalia', 'Khanguet Gare', 8030),
       (3099, 16, 'Grombalia', 'Seltene', 8012),
       (3100, 16, 'Grombalia', 'Cite Antar', 8030),
       (3101, 16, 'Grombalia', 'El Argoub Jedid', 8030),
       (3102, 16, 'Grombalia', 'El Khouine', 8030),
       (3103, 16, 'Grombalia', 'Grombalia Ezzouhour', 8092),
       (3104, 16, 'Grombalia', 'Cite Ben Attaya', 8030),
       (3105, 16, 'Grombalia', 'Cite Ibn Khaldoun', 8030),
       (3106, 16, 'Grombalia', 'Cite Ezzouhour', 8030),
       (3107, 16, 'Grombalia', 'Belli Halte', 8030),
       (3108, 16, 'Grombalia', 'Cite Cebala', 8030),
       (3109, 16, 'Grombalia', 'Cite Ben Zaied', 8030),
       (3110, 16, 'Grombalia', 'Cite Mongi Slim', 8030),
       (3111, 16, 'Grombalia', 'Cite Taieb Mhiri', 8030),
       (3112, 16, 'Grombalia', 'El Kobba El Kebira', 8030),
       (3113, 16, 'Grombalia', 'Fondouk Jedid', 8012),
       (3114, 16, 'Grombalia', 'Turki', 8084),
       (3115, 16, 'Grombalia', 'Cite Eddamous', 8030),
       (3116, 16, 'Grombalia', 'Cite Jardins', 8030),
       (3117, 16, 'Grombalia', 'Cite De La Police', 8030),
       (3118, 16, 'Grombalia', 'Cite Valenza', 8030),
       (3119, 16, 'Grombalia', 'Khous', 8014),
       (3120, 16, 'Grombalia', 'Nianou', 8052),
       (3121, 16, 'Grombalia', 'Nouel', 8030),
       (3122, 16, 'Grombalia', 'Cite Mohamed Ali', 8030),
       (3123, 16, 'Grombalia', 'Sammach', 8030),
       (3124, 16, 'Grombalia', 'Ain Tebournok', 8093),
       (3125, 16, 'Grombalia', 'Cite Tarek Ibn Zied', 8030),
       (3126, 16, 'Grombalia', 'Batrou', 8030),
       (3127, 16, 'Grombalia', 'Cite El Ouerdia', 8030),
       (3128, 16, 'Grombalia', 'Cite Essomboula', 8030),
       (3129, 16, 'Grombalia', 'Cite El Mandra', 8030),
       (3130, 16, 'Grombalia', 'El Mhedhba', 8030),
       (3131, 16, 'Grombalia', 'Cite Afh', 8030),
       (3132, 16, 'Grombalia', 'Cite Snit', 8030),
       (3133, 16, 'Grombalia', 'Jebel Trif', 8093),
       (3134, 16, 'Grombalia', 'Cite Des Juges', 8030),
       (3135, 16, 'Grombalia', 'Beni Ayech', 8030),
       (3136, 16, 'Grombalia', 'Cite 7 Novembre', 8030),
       (3137, 16, 'Grombalia', 'Grombalia', 8030),
       (3138, 16, 'Grombalia', 'Cite Erriadh', 8030),
       (3139, 16, 'Hammam El Ghezaz', 'Tamazrat', 8096),
       (3140, 16, 'Hammam El Ghezaz', 'Hammam El Ghezaz', 8025),
       (3141, 16, 'Hammam El Ghezaz', 'Hammam Jebli', 8096),
       (3142, 16, 'Hammam El Ghezaz', 'Ezzahra', 8096),
       (3143, 16, 'Hammam El Ghezaz', 'Cite Jardins', 8025),
       (3144, 16, 'Hammamet', 'Cite Bouslama', 8042),
       (3145, 16, 'Hammamet', 'Sidi Jedidi', 8032),
       (3146, 16, 'Hammamet', 'Cite Merzgui', 8056),
       (3147, 16, 'Hammamet', 'Residence Ennacim', 8050),
       (3148, 16, 'Hammamet', 'Sidi Hmed', 8050),
       (3149, 16, 'Hammamet', 'Cite Sanit Sheikh', 8050),
       (3150, 16, 'Hammamet', 'Cite El Kharroub', 8056),
       (3151, 16, 'Hammamet', 'Cite Kheireddine Pacha', 8050),
       (3152, 16, 'Hammamet', 'Cite El Bekkey', 8042),
       (3153, 16, 'Hammamet', 'Cite Militaire', 8050),
       (3154, 16, 'Hammamet', 'Cite El Fawara', 8042),
       (3155, 16, 'Hammamet', 'Cite Harboun 1', 8042),
       (3156, 16, 'Hammamet', 'Chott El Khalij', 8050),
       (3157, 16, 'Hammamet', 'Residence Ellissa', 8050),
       (3158, 16, 'Hammamet', 'Cite El Yasmine', 8056),
       (3159, 16, 'Hammamet', 'Cite Sidi Ali', 8042),
       (3160, 16, 'Hammamet', 'Bir Bouregba', 8042),
       (3161, 16, 'Hammamet', 'Cite Chotteles', 8056),
       (3162, 16, 'Hammamet', 'Cite El Mellassine', 8042),
       (3163, 16, 'Hammamet', 'Cite El Intilaka', 8042),
       (3164, 16, 'Hammamet', 'Cite Ibn Badis', 8050),
       (3165, 16, 'Hammamet', 'Cite Jawaher2', 8056),
       (3166, 16, 'Hammamet', 'Cite Jawaher1', 8056),
       (3167, 16, 'Hammamet', 'Cite Garde Nationale', 8042),
       (3168, 16, 'Hammamet', 'Cite El Ksour', 8056),
       (3169, 16, 'Hammamet', 'Cite Estah', 8056),
       (3170, 16, 'Hammamet', 'Cite Moussa Ibn Noussaier', 8050),
       (3171, 16, 'Hammamet', 'Cite Okba Ibn Naafa', 8050),
       (3172, 16, 'Hammamet', 'Cite Essafsaf', 8042),
       (3173, 16, 'Hammamet', 'Cite Ennadhour', 8050),
       (3174, 16, 'Hammamet', 'Hammamet', 8050),
       (3175, 16, 'Hammamet', 'Cite Chraf', 8042),
       (3176, 16, 'Hammamet', 'Echak', 8050),
       (3177, 16, 'Hammamet', 'Cite Ennaim', 8042),
       (3178, 16, 'Hammamet', 'Cite Afh', 8056),
       (3179, 16, 'Hammamet', 'Cite Snit', 8056),
       (3180, 16, 'Hammamet', 'Zone Hoteliere', 8050),
       (3181, 16, 'Hammamet', 'Barraket Essahel', 8056),
       (3182, 16, 'Hammamet', 'Cite Bir Chaaba', 8042),
       (3183, 16, 'Hammamet', 'Cite El Izdihar', 8056),
       (3184, 16, 'Hammamet', 'Chaabet El Mrezga', 8050),
       (3185, 16, 'Hammamet', 'Cite Ecole', 8042),
       (3186, 16, 'Hammamet', 'Cite Snit 1', 8042),
       (3187, 16, 'Hammamet', 'Cite Snit 2', 8042),
       (3188, 16, 'Hammamet', 'Cite Erriadh', 8050),
       (3189, 16, 'Kelibia', 'Dar Allouche', 8055),
       (3190, 16, 'Kelibia', 'Dar Chichou', 8090),
       (3191, 16, 'Kelibia', 'Kelibia Charguia', 8069),
       (3192, 16, 'Kelibia', 'Charaf', 8090),
       (3193, 16, 'Kelibia', 'Oued El Khatef', 8065),
       (3194, 16, 'Kelibia', 'Kelibia', 8090),
       (3195, 16, 'Kelibia', 'Kerkouane', 8090),
       (3196, 16, 'Kelibia', 'Azmour', 8035),
       (3197, 16, 'Kelibia', 'Cite Ksiba', 8090),
       (3198, 16, 'Kelibia', 'Cite Assemmer', 8090),
       (3199, 16, 'Kelibia', 'Cite Riadh', 8090),
       (3200, 16, 'Kelibia', 'Melloul', 8094),
       (3201, 16, 'Kelibia', 'Cite Afh', 8090),
       (3202, 16, 'Kelibia', 'Beni Ayech', 8035),
       (3203, 16, 'Kelibia', 'Abene', 8090),
       (3204, 16, 'Kelibia', 'Sidi Madhkour', 8090),
       (3205, 16, 'Kelibia', 'Dar Dabous', 8090),
       (3206, 16, 'Korba', 'Lathleth', 8070),
       (3207, 16, 'Korba', 'Cite Sidi Salem', 8070),
       (3208, 16, 'Korba', 'Cite Sadok Jerbi', 8070),
       (3209, 16, 'Korba', 'Cite El Majredi', 8070),
       (3210, 16, 'Korba', 'Bou Jerida', 8043),
       (3211, 16, 'Korba', 'Cite Ettaamir', 8070),
       (3212, 16, 'Korba', 'Cite Jerbi', 8070),
       (3213, 16, 'Korba', 'Jebel Haddad', 8070),
       (3214, 16, 'Korba', 'Tebak', 8070),
       (3215, 16, 'Korba', 'Korchine', 8070),
       (3216, 16, 'Korba', 'Beni Mechkel', 8070),
       (3217, 16, 'Korba', 'Garaat Sassi', 8053),
       (3218, 16, 'Korba', 'Cite Commerciale', 8070),
       (3219, 16, 'Korba', 'Bou Lazhar', 8070),
       (3220, 16, 'Korba', 'Bou Lidine', 8070),
       (3221, 16, 'Korba', 'Tazarka', 8024),
       (3222, 16, 'Korba', 'Diar El Hojjej', 8033),
       (3223, 16, 'Korba', 'Korba Hached', 8076),
       (3224, 16, 'Korba', 'Beni Aichoun', 8070),
       (3225, 16, 'Korba', 'Cite Sidi Amor', 8024),
       (3226, 16, 'Korba', 'Cite Jamaa Errahma', 8070),
       (3227, 16, 'Korba', 'Cite Jerad', 8070),
       (3228, 16, 'Korba', 'Korba', 8070),
       (3229, 16, 'Korba', 'Ksar Saad', 8070),
       (3230, 16, 'Korba', 'Cite El Khiri', 8070),
       (3231, 16, 'Korba', 'Cite Bir Ezzitoun', 8070),
       (3232, 16, 'Menzel Bouzelfa', 'Cite Cherif', 8010),
       (3233, 16, 'Menzel Bouzelfa', 'Bedar', 8010),
       (3234, 16, 'Menzel Bouzelfa', 'Beni Jannet', 8010),
       (3235, 16, 'Menzel Bouzelfa', 'Charfine', 8010),
       (3236, 16, 'Menzel Bouzelfa', 'Cite Souihli', 8010),
       (3237, 16, 'Menzel Bouzelfa', 'El Arima', 8010),
       (3238, 16, 'Menzel Bouzelfa', 'Cite Ennouzha', 8010),
       (3239, 16, 'Menzel Bouzelfa', 'Errahma', 8091),
       (3240, 16, 'Menzel Bouzelfa', 'Bouchrik', 8010),
       (3241, 16, 'Menzel Bouzelfa', 'Cite Jemmali', 8010),
       (3242, 16, 'Menzel Bouzelfa', 'Cite Municipale Barket', 8010),
       (3243, 16, 'Menzel Bouzelfa', 'Cite Neguira', 8010),
       (3244, 16, 'Menzel Bouzelfa', 'Beni Ghanem', 8010),
       (3245, 16, 'Menzel Bouzelfa', 'Cite Azaiez', 8010),
       (3246, 16, 'Menzel Bouzelfa', 'Cite Cheikh', 8010),
       (3247, 16, 'Menzel Bouzelfa', 'Dar Joundi', 8010),
       (3248, 16, 'Menzel Bouzelfa', 'Cite Bahroun', 8010),
       (3249, 16, 'Menzel Bouzelfa', 'Dar Takelsa', 8010),
       (3250, 16, 'Menzel Bouzelfa', 'Menzel Bouzelfa', 8010),
       (3251, 16, 'Menzel Bouzelfa', 'Cite Ahmed Othman', 8010),
       (3252, 16, 'Menzel Bouzelfa', 'Cite Essahli', 8010),
       (3253, 16, 'Menzel Bouzelfa', 'Ksirat', 8010),
       (3254, 16, 'Menzel Bouzelfa', 'Cite Ben Hjel', 8010),
       (3255, 16, 'Menzel Bouzelfa', 'Dar Nader', 8010),
       (3256, 16, 'Menzel Bouzelfa', 'Oued Sidi Said', 8010),
       (3257, 16, 'Menzel Bouzelfa', 'Cite Daghbagi', 8010),
       (3258, 16, 'Menzel Bouzelfa', 'Kalbousi', 8010),
       (3259, 16, 'Menzel Bouzelfa', 'Cite Ettahrir', 8010),
       (3260, 16, 'Menzel Bouzelfa', 'Damous El Hajja', 8010),
       (3261, 16, 'Menzel Bouzelfa', 'Cite Laroui', 8010),
       (3262, 16, 'Menzel Bouzelfa', 'Cite Souissi', 8010),
       (3263, 16, 'Menzel Bouzelfa', 'Zengou', 8010),
       (3264, 16, 'Menzel Bouzelfa', 'Zenich', 8010),
       (3265, 16, 'Menzel Bouzelfa', 'Cite Chaafouri', 8010),
       (3266, 16, 'Menzel Temime', 'Sidi Jameleddine', 8080),
       (3267, 16, 'Menzel Temime', 'El Ouediane', 8054),
       (3268, 16, 'Menzel Temime', 'Lebna', 8034),
       (3269, 16, 'Menzel Temime', 'Cite Sidi Salem', 8080),
       (3270, 16, 'Menzel Temime', 'El Gobba', 8080),
       (3271, 16, 'Menzel Temime', 'Cite Populaire', 8080),
       (3272, 16, 'Menzel Temime', 'Menzel Issa', 8080),
       (3273, 16, 'Menzel Temime', 'Rainine', 8083),
       (3274, 16, 'Menzel Temime', 'Damous', 8080),
       (3275, 16, 'Menzel Temime', 'Chott Ezzouhour', 8080),
       (3276, 16, 'Menzel Temime', 'Cite Ettaamir', 8080),
       (3277, 16, 'Menzel Temime', 'Sidi Abdelmonem', 8080),
       (3278, 16, 'Menzel Temime', 'Echaibni', 8080),
       (3279, 16, 'Menzel Temime', 'Skalba', 8064),
       (3280, 16, 'Menzel Temime', 'Garsoline', 8080),
       (3281, 16, 'Menzel Temime', 'El Gheris', 8080),
       (3282, 16, 'Menzel Temime', 'Beni Abdelaziz', 8080),
       (3283, 16, 'Menzel Temime', 'Menzel Temime', 8080),
       (3284, 16, 'Menzel Temime', 'Lazidine', 8080),
       (3285, 16, 'Menzel Temime', 'Menzel Horr', 8015),
       (3286, 16, 'Menzel Temime', 'Kef Chami', 8080),
       (3287, 16, 'Nabeul', 'Cite Des Oranges', 8000),
       (3288, 16, 'Nabeul', 'Cite Cnrps', 8000),
       (3289, 16, 'Nabeul', 'Henchir Gort', 8000),
       (3290, 16, 'Nabeul', 'Cite Hali', 8000),
       (3291, 16, 'Nabeul', 'Cite Ettaamir', 8000),
       (3292, 16, 'Nabeul', 'Cite El Bassatine', 8000),
       (3293, 16, 'Nabeul', 'Cite Ennacim', 8000),
       (3294, 16, 'Nabeul', 'Cite Abdessalem El Behi', 8000),
       (3295, 16, 'Nabeul', 'Cite Jasmins Simpar', 8000),
       (3296, 16, 'Nabeul', 'Nabeul Thameur', 8062),
       (3297, 16, 'Nabeul', 'Cite El Borj 1', 8000),
       (3298, 16, 'Nabeul', 'Cite El Mahrsi 2', 8062),
       (3299, 16, 'Nabeul', 'Cite El Borj 2', 8000),
       (3300, 16, 'Nabeul', 'Cite El Mahrsi 3', 8062),
       (3301, 16, 'Nabeul', 'Cite Bahroun', 8000),
       (3302, 16, 'Nabeul', 'Cite El Mahrsi 1', 8062),
       (3303, 16, 'Nabeul', 'Cite Ennajeh', 8000),
       (3304, 16, 'Nabeul', 'Cite Industrielle', 8000),
       (3305, 16, 'Nabeul', 'Cite Sidi Moussa', 8000),
       (3306, 16, 'Nabeul', 'Residence Oasis Bleu', 8062),
       (3307, 16, 'Nabeul', 'Mimosas Villas Et Bungalows', 8000),
       (3308, 16, 'Nabeul', 'Henchir El Haouaria', 8062),
       (3309, 16, 'Nabeul', 'Ain Kemicha', 8000),
       (3310, 16, 'Nabeul', 'Cite Sidi Amor', 8000),
       (3311, 16, 'Nabeul', 'Residence Denene', 8062),
       (3312, 16, 'Nabeul', 'Nabeul', 8000),
       (3313, 16, 'Nabeul', 'Cite Universitaire', 8000),
       (3314, 16, 'Nabeul', 'Cite Mohsen Limam', 8000),
       (3315, 16, 'Nabeul', 'Cite Cote Or 2', 8000),
       (3316, 16, 'Nabeul', 'Cite Cote Or 1', 8000),
       (3317, 16, 'Soliman', 'Cite Gharnata', 8020),
       (3318, 16, 'Soliman', 'Dhahri', 8020),
       (3319, 16, 'Soliman', 'El Abebsa', 8020),
       (3320, 16, 'Soliman', 'Soliman', 8020),
       (3321, 16, 'Soliman', 'El Marja', 8020),
       (3322, 16, 'Soliman', 'Cite Sprols', 8020),
       (3323, 16, 'Soliman', 'Korbous', 8041),
       (3324, 16, 'Soliman', 'Cherifate', 8051),
       (3325, 16, 'Soliman', 'Bou Charray', 8063),
       (3326, 16, 'Soliman', 'Cite Hotel Des Andalous', 8020),
       (3327, 16, 'Soliman', 'Cite Nouvelle', 8020),
       (3328, 16, 'Soliman', 'Meraissa', 8073),
       (3329, 16, 'Takelsa', 'El Maisra', 8031),
       (3330, 16, 'Takelsa', 'Henchir Chedli', 8031),
       (3331, 16, 'Takelsa', 'Cite Populaire', 8031),
       (3332, 16, 'Takelsa', 'El Bekekcha', 8031),
       (3333, 16, 'Takelsa', 'Ghars Mrad', 8031),
       (3334, 16, 'Takelsa', 'Douala', 8031),
       (3335, 16, 'Takelsa', 'Sidi Issa', 8031),
       (3336, 16, 'Takelsa', 'Ramel', 8031),
       (3337, 16, 'Takelsa', 'Bir Mroua', 8031),
       (3338, 16, 'Takelsa', 'El Brij', 8031),
       (3339, 16, 'Takelsa', 'Oued El Abid', 8031),
       (3340, 16, 'Takelsa', 'Takelsa', 8031),
       (3341, 16, 'Takelsa', 'Cite Erriadh', 8031),
       (3342, 16, 'Takelsa', 'Rtiba', 8031),
       (3343, 17, 'Agareb', 'El Mahrouga', 4015),
       (3344, 17, 'Agareb', 'Zeliana', 4070),
       (3345, 17, 'Agareb', 'Merkez Bou Ledhieb', 4015),
       (3346, 17, 'Agareb', 'El Msadga', 4015),
       (3347, 17, 'Agareb', 'Cite Cnel', 4015),
       (3348, 17, 'Agareb', 'Cite El Menzah', 4015),
       (3349, 17, 'Agareb', 'Cite Ennour', 4014),
       (3350, 17, 'Agareb', 'Gargour', 1145),
       (3351, 17, 'Agareb', 'Traka', 4015),
       (3352, 17, 'Agareb', 'Merkez Sghar', 4016),
       (3353, 17, 'Agareb', 'Agareb', 4015),
       (3354, 17, 'Agareb', 'El Maraania', 4099),
       (3355, 17, 'Agareb', 'Merkez Tijani', 4015),
       (3356, 17, 'Agareb', 'Merkez Attia', 2036),
       (3357, 17, 'Agareb', 'Merkez Jouaouda', 4013),
       (3358, 17, 'Agareb', 'Cite Snit', 4024),
       (3359, 17, 'Agareb', 'Ben Sahloun', 4015),
       (3360, 17, 'Agareb', 'Cite 2 Mars', 4033),
       (3361, 17, 'Agareb', 'Cite El Izdihar', 2074),
       (3362, 17, 'Agareb', 'Jeberna', 4014),
       (3363, 17, 'Agareb', 'Cite 2 Mars 2', 1002),
       (3364, 17, 'Agareb', 'Cite 2 Mars 1', 4015),
       (3365, 17, 'Bir Ali Ben Khelifa', 'Oum Choucha', 3085),
       (3366, 17, 'Bir Ali Ben Khelifa', 'Bir Ouled Mahmoud', 3040),
       (3367, 17, 'Bir Ali Ben Khelifa', 'El Guendoul', 3082),
       (3368, 17, 'Bir Ali Ben Khelifa', 'Toulb', 3040),
       (3369, 17, 'Bir Ali Ben Khelifa', 'Cite Des Roses 1', 3040),
       (3370, 17, 'Bir Ali Ben Khelifa', 'Cite Des Roses 2', 3040),
       (3371, 17, 'Bir Ali Ben Khelifa', 'Souinia', 3040),
       (3372, 17, 'Bir Ali Ben Khelifa', 'Cite El Fateh', 3040),
       (3373, 17, 'Bir Ali Ben Khelifa', 'Sidi Dhaher', 3040),
       (3374, 17, 'Bir Ali Ben Khelifa', 'Cite El Menzel', 3040),
       (3375, 17, 'Bir Ali Ben Khelifa', 'Rebaya Sidi Dhaher', 3097),
       (3376, 17, 'Bir Ali Ben Khelifa', 'Cheraiet', 3040),
       (3377, 17, 'Bir Ali Ben Khelifa', 'Rebaya', 3040),
       (3378, 17, 'Bir Ali Ben Khelifa', 'Merkez El Hamrouni', 3040),
       (3379, 17, 'Bir Ali Ben Khelifa', 'El Oudrane', 3040),
       (3380, 17, 'Bir Ali Ben Khelifa', 'Bir Ali Ben Khelifa', 3040),
       (3381, 17, 'Bir Ali Ben Khelifa', 'Ras Souinia', 3040),
       (3382, 17, 'Bir Ali Ben Khelifa', 'Oued Rekham', 3040),
       (3383, 17, 'Bir Ali Ben Khelifa', 'Sidi Mansour', 3040),
       (3384, 17, 'Bir Ali Ben Khelifa', 'Ras Fartout', 3040),
       (3385, 17, 'Bir Ali Ben Khelifa', 'El Aouyed', 3040),
       (3386, 17, 'Bir Ali Ben Khelifa', 'Letaifa', 3040),
       (3387, 17, 'El Amra', 'Cite El Hmerna', 3036),
       (3388, 17, 'El Amra', 'Iffi', 3036),
       (3389, 17, 'El Amra', 'Beliana', 3087),
       (3390, 17, 'El Amra', 'Oued Laachech', 3066),
       (3391, 17, 'El Amra', 'El Mhara', 3046),
       (3392, 17, 'El Amra', 'Essaadi', 3066),
       (3393, 17, 'El Amra', 'Merkez El Khemiri', 3066),
       (3394, 17, 'El Amra', 'El Ketatna', 3095),
       (3395, 17, 'El Amra', 'El Amra', 3036),
       (3396, 17, 'El Amra', 'Cite Ezzayatine', 3036),
       (3397, 17, 'El Amra', 'Cite Populaire 3', 3036),
       (3398, 17, 'El Amra', 'Cite Populaire 2', 3036),
       (3399, 17, 'El Amra', 'Cite Populaire 1', 3036),
       (3400, 17, 'El Amra', 'Cite Houma Charguia', 3036),
       (3401, 17, 'El Amra', 'Essalem', 3046),
       (3402, 17, 'El Amra', 'Dhraa Ben Ziad', 3095),
       (3403, 17, 'El Amra', 'Cite 7 Novembre', 3036),
       (3404, 17, 'El Amra', 'El Fidh', 3036),
       (3405, 17, 'El Hencha', 'Cite Cherif', 3010),
       (3406, 17, 'El Hencha', 'Cite El Hancha Ouest', 3010),
       (3407, 17, 'El Hencha', 'Cite El Ojna', 3010),
       (3408, 17, 'El Hencha', 'El Hachana', 3010),
       (3409, 17, 'El Hencha', 'Cite El Fateh', 3010),
       (3410, 17, 'El Hencha', 'Cite El Hancha Est', 3010),
       (3411, 17, 'El Hencha', 'El Ghieb', 3010),
       (3412, 17, 'El Hencha', 'Cite El Kouifla', 3010),
       (3413, 17, 'El Hencha', 'Cite Populaire', 3043),
       (3414, 17, 'El Hencha', 'Cite El Hancha Sud', 3010),
       (3415, 17, 'El Hencha', 'Cite Algerie', 3010),
       (3416, 17, 'El Hencha', 'Bir Salah', 3033),
       (3417, 17, 'El Hencha', 'El Hencha', 3010),
       (3418, 17, 'El Hencha', 'Esseghara', 3043),
       (3419, 17, 'El Hencha', 'El Khecherma', 3043),
       (3420, 17, 'El Hencha', 'Henchir El Joub', 3043),
       (3421, 17, 'El Hencha', 'Cite Oum Salah', 3010),
       (3422, 17, 'El Hencha', 'Cite Commerciale 1', 3010),
       (3423, 17, 'El Hencha', 'Cite Commerciale 2', 3010),
       (3424, 17, 'El Hencha', 'Cite El Fheil', 3010),
       (3425, 17, 'El Hencha', 'El Hajjara', 3010),
       (3426, 17, 'El Hencha', 'Jalaila', 3010),
       (3427, 17, 'El Hencha', 'Ouled Amor', 3010),
       (3428, 17, 'El Hencha', 'Ouled Tahar', 3010),
       (3429, 17, 'El Hencha', 'Soualmia', 3043),
       (3430, 17, 'El Hencha', 'Bir Lahmar', 3043),
       (3431, 17, 'El Hencha', 'El Ghraba', 3043),
       (3432, 17, 'El Hencha', 'Cite Ouled Aicha', 3010),
       (3433, 17, 'El Hencha', 'Sidi Hassen', 3053),
       (3434, 17, 'El Hencha', 'Sidi Mhamed Ben Amor', 3043),
       (3435, 17, 'El Hencha', 'Cite Environnement', 3010),
       (3436, 17, 'El Hencha', 'Cite El Ifa', 3010),
       (3437, 17, 'El Hencha', 'Doukhane', 3043),
       (3438, 17, 'El Hencha', 'Bir Chaaba', 3010),
       (3439, 17, 'El Hencha', 'El Guetatsa', 3010),
       (3440, 17, 'El Hencha', 'El Helalfa', 3010),
       (3441, 17, 'El Hencha', 'Merkez Choucha', 3043),
       (3442, 17, 'El Hencha', 'Henchir El Mosbah', 3010),
       (3443, 17, 'Esskhira', 'Fondouk Chibani', 3050),
       (3444, 17, 'Esskhira', 'Frichette', 3050),
       (3445, 17, 'Esskhira', 'Naoual', 3050),
       (3446, 17, 'Esskhira', 'Cherafra', 3050),
       (3447, 17, 'Esskhira', 'Kenitra', 3050),
       (3448, 17, 'Esskhira', 'Ouled Haj Moussa', 3050),
       (3449, 17, 'Esskhira', 'Sbih', 3073),
       (3450, 17, 'Esskhira', 'Sidi Mhamed Nouiguez', 3050),
       (3451, 17, 'Esskhira', 'El Melha', 3050),
       (3452, 17, 'Esskhira', 'Bou Said', 3050),
       (3453, 17, 'Esskhira', 'Souani', 3050),
       (3454, 17, 'Esskhira', 'El Hicha', 3050),
       (3455, 17, 'Esskhira', 'Esskhira', 3050),
       (3456, 17, 'Esskhira', 'El Maghdhia', 3050),
       (3457, 17, 'Esskhira', 'El Gherairia', 3050),
       (3458, 17, 'Esskhira', 'Jerouala', 3050),
       (3459, 17, 'Ghraiba', 'Essoudane', 3034),
       (3460, 17, 'Ghraiba', 'Skaina', 3024),
       (3461, 17, 'Ghraiba', 'El Hammam', 3034),
       (3462, 17, 'Ghraiba', 'Rabta', 3024),
       (3463, 17, 'Ghraiba', 'Tarfaoui', 3024),
       (3464, 17, 'Ghraiba', 'Smara', 3024),
       (3465, 17, 'Ghraiba', 'Belhouichette', 3024),
       (3466, 17, 'Ghraiba', 'Ettakaddoum', 3024),
       (3467, 17, 'Ghraiba', 'Chaal', 3024),
       (3468, 17, 'Ghraiba', 'Ghraiba', 3034),
       (3469, 17, 'Jebeniana', 'Sidi Msarra', 3080),
       (3470, 17, 'Jebeniana', 'Jebeniana', 3080),
       (3471, 17, 'Jebeniana', 'Ouled Ahmed', 3080),
       (3472, 17, 'Jebeniana', 'El Guelalja', 3080),
       (3473, 17, 'Jebeniana', 'Ouled Mnasser', 3026),
       (3474, 17, 'Jebeniana', 'Ouled Msallem Edkhal', 3080),
       (3475, 17, 'Jebeniana', 'Hazeg', 3026),
       (3476, 17, 'Jebeniana', 'Cite El Fateh', 3080),
       (3477, 17, 'Jebeniana', 'Douar Louata', 3077),
       (3478, 17, 'Jebeniana', 'El Gherasa', 3080),
       (3479, 17, 'Jebeniana', 'El Louza', 3016),
       (3480, 17, 'Jebeniana', 'Blitech', 3080),
       (3481, 17, 'Jebeniana', 'Cite El Bassatine', 3080),
       (3482, 17, 'Jebeniana', 'Ouled Bousmir', 3056),
       (3483, 17, 'Jebeniana', 'Ouled Youssef', 3080),
       (3484, 17, 'Jebeniana', 'El Botria', 3080),
       (3485, 17, 'Jebeniana', 'Henchir El Euch', 3080),
       (3486, 17, 'Jebeniana', 'Ajenga', 3086),
       (3487, 17, 'Jebeniana', 'Cite Jardins', 3080),
       (3488, 17, 'Jebeniana', 'Ain El Ghezal', 3080),
       (3489, 17, 'Jebeniana', 'Aguegcha', 3026),
       (3490, 17, 'Kerkenah', 'Ouled Kacem', 3025),
       (3491, 17, 'Kerkenah', 'Cite Ancienne Kellaline', 3070),
       (3492, 17, 'Kerkenah', 'Cite Nouvelle Kellaline', 3070),
       (3493, 17, 'Kerkenah', 'Cite Populaire', 3070),
       (3494, 17, 'Kerkenah', 'Mellita Ouled Bou Ali', 3070),
       (3495, 17, 'Kerkenah', 'Ouled Bou Ali', 3070),
       (3496, 17, 'Kerkenah', 'Cite Rakhani', 3070),
       (3497, 17, 'Kerkenah', 'Cite Douirette', 3070),
       (3498, 17, 'Kerkenah', 'Cite Groupe 1', 3015),
       (3499, 17, 'Kerkenah', 'Cite Groupe 2', 3015),
       (3500, 17, 'Kerkenah', 'Cite El Mahjar', 3070),
       (3501, 17, 'Kerkenah', 'Ennajet', 3045),
       (3502, 17, 'Kerkenah', 'Mellita', 3015),
       (3503, 17, 'Kerkenah', 'Cite El Azezba', 3070),
       (3504, 17, 'Kerkenah', 'Cite Cnel', 3070),
       (3505, 17, 'Kerkenah', 'Kerkenah', 3070),
       (3506, 17, 'Kerkenah', 'Jouaber', 3070),
       (3507, 17, 'Kerkenah', 'Kellabine', 3070),
       (3508, 17, 'Kerkenah', 'El Kraten', 3055),
       (3509, 17, 'Kerkenah', 'El Abbassia', 3070),
       (3510, 17, 'Kerkenah', 'Cite Dar Oum Dlel', 3070),
       (3511, 17, 'Kerkenah', 'Chergui', 3070),
       (3512, 17, 'Kerkenah', 'Cite Bouaid Kellaline', 3070),
       (3513, 17, 'Kerkenah', 'Ouled Yaneg', 3070),
       (3514, 17, 'Kerkenah', 'Cite Ourand', 3070),
       (3515, 17, 'Kerkenah', 'El Attaya', 3035),
       (3516, 17, 'Kerkenah', 'Cite Houmet Glace', 3070),
       (3517, 17, 'Mahras', 'Chaal Gare', 3060),
       (3518, 17, 'Mahras', 'Cite El Guidira', 3060),
       (3519, 17, 'Mahras', 'Cite El Bouhali', 3060),
       (3520, 17, 'Mahras', 'Cite Flemech', 3060),
       (3521, 17, 'Mahras', 'Cite Huillerie', 3060),
       (3522, 17, 'Mahras', 'Cite Ennour', 3060),
       (3523, 17, 'Mahras', 'Chaffar', 3060),
       (3524, 17, 'Mahras', 'Belhouchette', 3060),
       (3525, 17, 'Mahras', 'Smara', 3060),
       (3526, 17, 'Mahras', 'El Mourouj', 3044),
       (3527, 17, 'Mahras', 'El Hachichinia', 3060),
       (3528, 17, 'Mahras', 'El Mouessette', 3060),
       (3529, 17, 'Mahras', 'Cite Ennajah', 3060),
       (3530, 17, 'Mahras', 'Nekta', 3044),
       (3531, 17, 'Mahras', 'Cite Bourguiba', 3060),
       (3532, 17, 'Mahras', 'Mahras', 3060),
       (3533, 17, 'Mahras', 'Cite Ennasr', 3060),
       (3534, 17, 'Menzel Chaker', 'Menzel Hedi Chaker', 3020),
       (3535, 17, 'Menzel Chaker', 'Cite Merkez Sellami', 3020),
       (3536, 17, 'Menzel Chaker', 'Bechka', 3020),
       (3537, 17, 'Menzel Chaker', 'Haj Kacem 2', 3020),
       (3538, 17, 'Menzel Chaker', 'Cite Habib Bourguiba', 3020),
       (3539, 17, 'Menzel Chaker', 'Haj Kacem 1', 3020),
       (3540, 17, 'Menzel Chaker', 'Ksar Errih', 3020),
       (3541, 17, 'Menzel Chaker', 'Cite Habib Thameur', 3020),
       (3542, 17, 'Menzel Chaker', 'Hai Kacem', 3020),
       (3543, 17, 'Menzel Chaker', 'Oued Lazrag', 3020),
       (3544, 17, 'Menzel Chaker', 'Bou Thadi', 3014),
       (3545, 17, 'Menzel Chaker', 'Cite El Habib', 3020),
       (3546, 17, 'Menzel Chaker', 'Limaya', 3020),
       (3547, 17, 'Menzel Chaker', 'Zaibet', 3020),
       (3548, 17, 'Menzel Chaker', 'Cite Ettahrir', 3020),
       (3549, 17, 'Menzel Chaker', 'Cite Taieb Mhiri', 3020),
       (3550, 17, 'Menzel Chaker', 'Tlil El Ajla', 3020),
       (3551, 17, 'Menzel Chaker', 'Cite 7 Novembre', 3020),
       (3552, 17, 'Menzel Chaker', 'Cite De La Gare', 3020),
       (3553, 17, 'Menzel Chaker', 'Bou Jarbou', 3092),
       (3554, 17, 'Menzel Chaker', 'Chaaleb', 3020),
       (3555, 17, 'Menzel Chaker', 'Cite Erraoudha', 3020),
       (3556, 17, 'Menzel Chaker', 'El Aitha', 3020),
       (3557, 17, 'Sakiet Eddaier', 'Essaltania', 3081),
       (3558, 17, 'Sakiet Eddaier', 'Essaadi', 3081),
       (3559, 17, 'Sakiet Eddaier', 'Merkez Lajmi', 3067),
       (3560, 17, 'Sakiet Eddaier', 'Cite Ennadhour', 3061),
       (3561, 17, 'Sakiet Eddaier', 'Sakiet Eddaier', 3011),
       (3562, 17, 'Sakiet Eddaier', 'Merkez Kaaniche', 3011),
       (3563, 17, 'Sakiet Eddaier', 'Cite El Amel', 3011),
       (3564, 17, 'Sakiet Eddaier', 'Cite El Mallek', 3081),
       (3565, 17, 'Sakiet Eddaier', 'Cite El Haffara', 3011),
       (3566, 17, 'Sakiet Eddaier', 'Cite De Le Liberte', 3011),
       (3567, 17, 'Sakiet Eddaier', 'El Khalij', 3063),
       (3568, 17, 'Sakiet Eddaier', 'Sidi Mansour', 3061),
       (3569, 17, 'Sakiet Eddaier', 'Cite Bourguiba', 3094),
       (3570, 17, 'Sakiet Eddaier', 'Cite El Afrane', 3054),
       (3571, 17, 'Sakiet Eddaier', 'Merkez Sebai', 3054),
       (3572, 17, 'Sakiet Eddaier', 'Cite Erriadh', 3061),
       (3573, 17, 'Sakiet Eddaier', 'Cite Nouvelle', 3061),
       (3574, 17, 'Sakiet Ezzit', 'Cite 20 Mars', 3041),
       (3575, 17, 'Sakiet Ezzit', 'Sakiet Ezzit', 3021),
       (3576, 17, 'Sakiet Ezzit', 'Cite Ennouzha', 3041),
       (3577, 17, 'Sakiet Ezzit', 'Merkez Bouacida', 3031),
       (3578, 17, 'Sakiet Ezzit', 'Merkez Chihya', 3041),
       (3579, 17, 'Sakiet Ezzit', 'Cite Ennasr', 3041),
       (3580, 17, 'Sakiet Ezzit', 'El Mnasria', 3041),
       (3581, 17, 'Sakiet Ezzit', 'Sidi Salah', 3091),
       (3582, 17, 'Sfax Est', 'Cite El Messaadine', 3052),
       (3583, 17, 'Sfax Est', 'Cite El Wafa', 3064),
       (3584, 17, 'Sfax Est', 'Cite El Menzah', 3052),
       (3585, 17, 'Sfax Est', 'Cite Essalem', 3064),
       (3586, 17, 'Sfax Est', 'Oued Rmal', 3023),
       (3587, 17, 'Sfax Est', 'Merkez Chaker', 3072),
       (3588, 17, 'Sfax Est', 'Cite El Foll', 3064),
       (3589, 17, 'Sfax Est', 'Oued Chaabouni', 3071),
       (3590, 17, 'Sfax Est', 'Cite Dounia', 3052),
       (3591, 17, 'Sfax Est', 'Cite El Habib', 3052),
       (3592, 17, 'Sfax Est', 'Cite De La Sante', 3052),
       (3593, 17, 'Sfax Est', 'Cite El Yasmine', 3052),
       (3594, 17, 'Sfax Est', 'Cite Jawhara', 3064),
       (3595, 17, 'Sfax Est', 'Cite El Bahri', 3064),
       (3596, 17, 'Sfax Est', 'Cite Essaada', 3052),
       (3597, 17, 'Sfax Sud', 'Cite Sidi Abid', 3083),
       (3598, 17, 'Sfax Sud', 'El Aouabed', 3074),
       (3599, 17, 'Sfax Sud', 'Cite 2000', 3013),
       (3600, 17, 'Sfax Sud', 'Merkez Kamoun', 3022),
       (3601, 17, 'Sfax Sud', 'Merkez Dammak', 3013),
       (3602, 17, 'Sfax Sud', 'Cite El Mghaier', 3083),
       (3603, 17, 'Sfax Sud', 'Cite Moez 2', 3083),
       (3604, 17, 'Sfax Sud', 'Cite Moez 1', 3083),
       (3605, 17, 'Sfax Sud', 'Cite Moez 4', 3083),
       (3606, 17, 'Sfax Sud', 'El Hajeb', 3078),
       (3607, 17, 'Sfax Sud', 'Sidi Abbes', 3062),
       (3608, 17, 'Sfax Sud', 'Merkez Jilani', 3042),
       (3609, 17, 'Sfax Sud', 'Tyna El Jadida', 3084),
       (3610, 17, 'Sfax Sud', 'El Khazzanette', 3059),
       (3611, 17, 'Sfax Sud', 'Merkez Kassas', 3013),
       (3612, 17, 'Sfax Sud', 'El Aouyet', 3076),
       (3613, 17, 'Sfax Sud', 'Merkez Aloulou', 3042),
       (3614, 17, 'Sfax Sud', 'Merkez Ouali', 3093),
       (3615, 17, 'Sfax Sud', 'Tyna', 3083),
       (3616, 17, 'Sfax Sud', 'El Ain', 3042),
       (3617, 17, 'Sfax Sud', 'Merkez Sahnoun', 3012),
       (3618, 17, 'Sfax Sud', 'Cite Badrani', 3083),
       (3619, 17, 'Sfax Sud', 'Merkez Aloui', 3076),
       (3620, 17, 'Sfax Sud', 'Cite Tyna 1', 3084),
       (3621, 17, 'Sfax Sud', 'Merkez Chaabouni', 3013),
       (3622, 17, 'Sfax Sud', 'Cite Tyna 2', 3084),
       (3623, 17, 'Sfax Sud', 'Cite Ennasr', 3083),
       (3624, 17, 'Sfax Ville', 'Cite Compensation', 3000),
       (3625, 17, 'Sfax Ville', 'Cite El Maaref', 3000),
       (3626, 17, 'Sfax Ville', 'Cite Nouvelle Kerkouan', 3000),
       (3627, 17, 'Sfax Ville', 'Cite Cnrps', 3000),
       (3628, 17, 'Sfax Ville', 'Ain Charfi', 3000),
       (3629, 17, 'Sfax Ville', 'Ain Tourkia', 3000),
       (3630, 17, 'Sfax Ville', 'Cite Ezzitouna', 3000),
       (3631, 17, 'Sfax Ville', 'Ain Turki', 3000),
       (3632, 17, 'Sfax Ville', 'Sfax El Jadida', 3027),
       (3633, 17, 'Sfax Ville', 'Ain El Fellat', 3000),
       (3634, 17, 'Sfax Ville', 'Ain El Mayel', 3000),
       (3635, 17, 'Sfax Ville', 'Merkez Zouayed', 3000),
       (3636, 17, 'Sfax Ville', 'Habbana 2', 3000),
       (3637, 17, 'Sfax Ville', 'Bir Tebak', 3000),
       (3638, 17, 'Sfax Ville', 'El Achach', 3000),
       (3639, 17, 'Sfax Ville', 'Ennigrou', 3089),
       (3640, 17, 'Sfax Ville', 'Souk El Feriani', 3048),
       (3641, 17, 'Sfax Ville', 'El Bousten', 3099),
       (3642, 17, 'Sfax Ville', 'Caid Mhamed', 3039),
       (3643, 17, 'Sfax Ville', 'Merkez Bermaki', 3000),
       (3644, 17, 'Sfax Ville', 'Merkez Derouiche', 3032),
       (3645, 17, 'Sfax Ville', 'Cite Bourguiba 2', 3000),
       (3646, 17, 'Sfax Ville', 'Merkez El Alia', 3051),
       (3647, 17, 'Sfax Ville', 'Cite Bouzid', 3000),
       (3648, 17, 'Sfax Ville', 'Merkez Ben Ameur', 3000),
       (3649, 17, 'Sfax Ville', 'Sfax Port', 3065),
       (3650, 17, 'Sfax Ville', 'Merkez Jellouli', 3000),
       (3651, 17, 'Sfax Ville', 'Sidi Liteyem', 3000),
       (3652, 17, 'Sfax Ville', 'Merkez Guirat', 3000),
       (3653, 17, 'Sfax Ville', 'Sfax', 3000),
       (3654, 17, 'Sfax Ville', 'Hai El Khiri', 3079),
       (3655, 17, 'Sfax Ville', 'Cite Du Jardin 1', 3000),
       (3656, 17, 'Sfax Ville', 'Merkez Bou Khedir', 3000),
       (3657, 17, 'Sfax Ville', 'Bir El Mellouli', 3000),
       (3658, 17, 'Sfax Ville', 'Cite Commerciale', 3000),
       (3659, 17, 'Sfax Ville', 'Rouadhi', 3000),
       (3660, 17, 'Sfax Ville', 'Sfax Hached', 3069),
       (3661, 17, 'Sfax Ville', 'Oued Laachech', 3000),
       (3662, 17, 'Sfax Ville', 'Sfax Magreb Arabe', 3049),
       (3663, 17, 'Sfax Ville', 'Sidi Abdelkefi', 3000),
       (3664, 17, 'Sfax Ville', 'Soualmia', 3000),
       (3665, 17, 'Sfax Ville', 'Bab El Jebli', 3047),
       (3666, 17, 'Sfax Ville', 'Cite Joua', 3000),
       (3667, 17, 'Sfax Ville', 'Cite El Amel', 3000),
       (3668, 17, 'Sfax Ville', 'Sidi Jilani', 3000),
       (3669, 17, 'Sfax Ville', 'Cite Siape', 3000),
       (3670, 17, 'Sfax Ville', 'Bir Ben Ayed', 3000),
       (3671, 17, 'Sfax Ville', 'Cite De Le Liberte', 3000),
       (3672, 17, 'Sfax Ville', 'Cite El Mourouj', 3000),
       (3673, 17, 'Sfax Ville', 'Cite Essourour', 3000),
       (3674, 17, 'Sfax Ville', 'Majen Eddroj', 3000),
       (3675, 18, 'Ben Oun', 'Cite El Ilm', 9120),
       (3676, 18, 'Ben Oun', 'Erragba', 9169),
       (3677, 18, 'Ben Oun', 'Ouled Neji', 9120),
       (3678, 18, 'Ben Oun', 'Ben Oun', 9120),
       (3679, 18, 'Ben Oun', 'Ouled Mnasser', 9169),
       (3680, 18, 'Ben Oun', 'El Ouneysia', 9120),
       (3681, 18, 'Ben Oun', 'Cite Ennour', 9120),
       (3682, 18, 'Ben Oun', 'El Graoua', 9120),
       (3683, 18, 'Ben Oun', 'El Ouaara', 9120),
       (3684, 18, 'Ben Oun', 'El Fej', 9169),
       (3685, 18, 'Ben Oun', 'El Gouedria', 9169),
       (3686, 18, 'Ben Oun', 'Damdoum', 9120),
       (3687, 18, 'Ben Oun', 'Markez Ben Bechir', 9120),
       (3688, 18, 'Ben Oun', 'Baten El Agaag', 9120),
       (3689, 18, 'Ben Oun', 'Cite Ezzouhour', 9120),
       (3690, 18, 'Ben Oun', 'Bir Idriss', 9120),
       (3691, 18, 'Ben Oun', 'Ouled El Achi', 9169),
       (3692, 18, 'Ben Oun', 'Ouled Brahim', 9120),
       (3693, 18, 'Ben Oun', 'Ben Bechir', 9120),
       (3694, 18, 'Ben Oun', 'Ben Oun Nord', 9120),
       (3695, 18, 'Ben Oun', 'Cite Ettahrir', 9120),
       (3696, 18, 'Ben Oun', 'El Khalij', 9120),
       (3697, 18, 'Ben Oun', 'Cite Ennasr', 9120),
       (3698, 18, 'Ben Oun', 'Cite Erriadh', 9120),
       (3699, 18, 'Bir El Haffey', 'Ourgha', 9113),
       (3700, 18, 'Bir El Haffey', 'Essalama', 9159),
       (3701, 18, 'Bir El Haffey', 'Bir Bousbi', 9113),
       (3702, 18, 'Bir El Haffey', 'Ouled Khelifa', 9113),
       (3703, 18, 'Bir El Haffey', 'Chakhar', 9113),
       (3704, 18, 'Bir El Haffey', 'Houch Ben Necib', 9123),
       (3705, 18, 'Bir El Haffey', 'Henchir Haffouz', 9123),
       (3706, 18, 'Bir El Haffey', 'Ksar El Mzara', 9123),
       (3707, 18, 'Bir El Haffey', 'El Hanancha', 9113),
       (3708, 18, 'Bir El Haffey', 'El Mhamdia', 9113),
       (3709, 18, 'Bir El Haffey', 'Ouled Bouaziz', 9123),
       (3710, 18, 'Bir El Haffey', 'Bir Amema', 9113),
       (3711, 18, 'Bir El Haffey', 'El Adhla', 9126),
       (3712, 18, 'Bir El Haffey', 'Ennouaiel', 9126),
       (3713, 18, 'Bir El Haffey', 'Rahal', 9123),
       (3714, 18, 'Bir El Haffey', 'Bir El Haffey', 9113),
       (3715, 18, 'Bir El Haffey', 'Eddachra', 9113),
       (3716, 18, 'Cebbala', 'Cite El Fateh 1', 9122),
       (3717, 18, 'Cebbala', 'Cite El Fateh 2', 9122),
       (3718, 18, 'Cebbala', 'El Ghemamria', 9122),
       (3719, 18, 'Cebbala', 'Cite Ennouzha', 9122),
       (3720, 18, 'Cebbala', 'Cebbala', 9122),
       (3721, 18, 'Cebbala', 'Charaa', 9122),
       (3722, 18, 'Cebbala', 'Cite Ennajah', 9122),
       (3723, 18, 'Jilma', 'Cite Chargui', 9110),
       (3724, 18, 'Jilma', 'Sed El Yahoudi', 9110),
       (3725, 18, 'Jilma', 'Labayedh', 9110),
       (3726, 18, 'Jilma', 'Jilma', 9110),
       (3727, 18, 'Jilma', 'Selta', 9110),
       (3728, 18, 'Jilma', 'Cite Ouled Zaied', 9110),
       (3729, 18, 'Jilma', 'Cite Populaire', 9110),
       (3730, 18, 'Jilma', 'El Fenideg', 9110),
       (3731, 18, 'Jilma', 'El Haouia', 9110),
       (3732, 18, 'Jilma', 'Ain Jaffel', 9110),
       (3733, 18, 'Jilma', 'Guellel', 9110),
       (3734, 18, 'Jilma', 'Cite Ennasr', 9110),
       (3735, 18, 'Jilma', 'Sidi Ali Ebn Jaballah', 9110),
       (3736, 18, 'Jilma', 'Zoghmar', 9110),
       (3737, 18, 'Maknassy', 'Cite Des Abricots', 9140),
       (3738, 18, 'Maknassy', 'Touahria 2', 9140),
       (3739, 18, 'Maknassy', 'Cite Unite Ennajah', 9140),
       (3740, 18, 'Maknassy', 'Borj El Karma', 9143),
       (3741, 18, 'Maknassy', 'Cite Militaire', 9140),
       (3742, 18, 'Maknassy', 'Jabbes', 9140),
       (3743, 18, 'Maknassy', 'Dakhlet El Alenda', 9140),
       (3744, 18, 'Maknassy', 'Cite El Fateh 1', 9140),
       (3745, 18, 'Maknassy', 'Cite El Fateh 2', 9140),
       (3746, 18, 'Maknassy', 'Cite Ezzayatine', 9140),
       (3747, 18, 'Maknassy', 'Cite El Fateh 3', 9140),
       (3748, 18, 'Maknassy', 'Cite Taieb Mhiri', 9140),
       (3749, 18, 'Maknassy', 'El Meche', 9158),
       (3750, 18, 'Maknassy', 'Ksar Khelifa Zenati', 9140),
       (3751, 18, 'Maknassy', 'Marche Municipal', 9140),
       (3752, 18, 'Maknassy', 'Cite El Intilaka', 9140),
       (3753, 18, 'Maknassy', 'El Houayez', 9140),
       (3754, 18, 'Maknassy', 'Cite Des Martyrs', 9140),
       (3755, 18, 'Maknassy', 'Ennasr', 9149),
       (3756, 18, 'Maknassy', 'Cite Ennajah 2', 9140),
       (3757, 18, 'Maknassy', 'Cite Mohamed Ali', 9140),
       (3758, 18, 'Maknassy', 'Cite Ennajah 1', 9140),
       (3759, 18, 'Maknassy', 'Maknassy', 9140),
       (3760, 18, 'Maknassy', 'Mabrouka', 9144),
       (3761, 18, 'Maknassy', 'El Ayoun', 9140),
       (3762, 18, 'Maknassy', 'Ezzouaraa', 9140),
       (3763, 18, 'Menzel Bouzaiene', 'El Omrane', 9114),
       (3764, 18, 'Menzel Bouzaiene', 'El Maloussi', 9114),
       (3765, 18, 'Menzel Bouzaiene', 'Menzel Bouzaiene', 9114),
       (3766, 18, 'Menzel Bouzaiene', 'Ouled Zouid', 9114),
       (3767, 18, 'Menzel Bouzaiene', 'El Mhamdia', 9114),
       (3768, 18, 'Menzel Bouzaiene', 'Essaada', 9114),
       (3769, 18, 'Menzel Bouzaiene', 'Rbeayia', 9114),
       (3770, 18, 'Menzel Bouzaiene', 'El Guellel', 9139),
       (3771, 18, 'Menzel Bouzaiene', 'Dakhlet Haddej', 9114),
       (3772, 18, 'Menzel Bouzaiene', 'Khorchef', 9124),
       (3773, 18, 'Menzel Bouzaiene', 'El Garaa', 9114),
       (3774, 18, 'Menzel Bouzaiene', 'Menzel Saada', 9114),
       (3775, 18, 'Menzel Bouzaiene', 'El Aatizez', 9114),
       (3776, 18, 'Menzel Bouzaiene', 'El Maadher', 9114),
       (3777, 18, 'Menzel Bouzaiene', 'Bir El Araria', 9114),
       (3778, 18, 'Mezzouna', 'Ouled Dlala', 9150),
       (3779, 18, 'Mezzouna', 'El Bouaa', 9154),
       (3780, 18, 'Mezzouna', 'Cite El Amel', 9150),
       (3781, 18, 'Mezzouna', 'El Guezgazia', 9150),
       (3782, 18, 'Mezzouna', 'El Khoui', 9150),
       (3783, 18, 'Mezzouna', 'Cite De La Poste', 9150),
       (3784, 18, 'Mezzouna', 'El Founi', 9151),
       (3785, 18, 'Mezzouna', 'Ferjen', 9150),
       (3786, 18, 'Mezzouna', 'Ghedir Rebaia', 9150),
       (3787, 18, 'Mezzouna', 'El Gheris', 9150),
       (3788, 18, 'Mezzouna', 'Cite Independance', 9150),
       (3789, 18, 'Mezzouna', 'El Khima', 9150),
       (3790, 18, 'Mezzouna', 'Oued Eddam', 9150),
       (3791, 18, 'Mezzouna', 'Mezzouna', 9150),
       (3792, 18, 'Mezzouna', 'Haddej', 9150),
       (3793, 18, 'Mezzouna', 'Cite Des Martyrs', 9150),
       (3794, 18, 'Mezzouna', 'El Khobna', 9150),
       (3795, 18, 'Ouled Haffouz', 'Chouachnia', 9180),
       (3796, 18, 'Ouled Haffouz', 'Ouled Haffouz', 9180),
       (3797, 18, 'Ouled Haffouz', 'Sidi Ellafi 2', 9180),
       (3798, 18, 'Ouled Haffouz', 'Khebina', 9180),
       (3799, 18, 'Ouled Haffouz', 'Sidi Ellafi 1', 9180),
       (3800, 18, 'Ouled Haffouz', 'Ennajah', 9180),
       (3801, 18, 'Ouled Haffouz', 'Horbit', 9180),
       (3802, 18, 'Ouled Haffouz', 'Dhouibette', 9116),
       (3803, 18, 'Ouled Haffouz', 'Hania 102', 9180),
       (3804, 18, 'Ouled Haffouz', 'Cite Ezzayatine', 9180),
       (3805, 18, 'Ouled Haffouz', 'Dhouibette 2', 9180),
       (3806, 18, 'Ouled Haffouz', 'El Abbadette', 9183),
       (3807, 18, 'Ouled Haffouz', 'El Araoua', 9180),
       (3808, 18, 'Ouled Haffouz', 'El Mbarkia', 9180),
       (3809, 18, 'Ouled Haffouz', 'Sidi Khlif', 9180),
       (3810, 18, 'Ouled Haffouz', 'El Kharwaa', 9180),
       (3811, 18, 'Ouled Haffouz', 'Erranzez', 9180),
       (3812, 18, 'Ouled Haffouz', 'Cite Ali Ben Hamid', 9180),
       (3813, 18, 'Ouled Haffouz', 'Cite El Omrane', 9180),
       (3814, 18, 'Ouled Haffouz', 'El Gouaibia', 9180),
       (3815, 18, 'Ouled Haffouz', 'Cite Commerciale', 9180),
       (3816, 18, 'Ouled Haffouz', 'Cite El Maarifa', 9180),
       (3817, 18, 'Ouled Haffouz', 'Boutique Issa', 9180),
       (3818, 18, 'Ouled Haffouz', 'Cite Erriadh', 9180),
       (3819, 18, 'Regueb', 'Essakba', 9170),
       (3820, 18, 'Regueb', 'El Khechem', 9173),
       (3821, 18, 'Regueb', 'Ouled El Hani', 9115),
       (3822, 18, 'Regueb', 'Cite Ennouzha', 9170),
       (3823, 18, 'Regueb', 'El Ghaba Essouda', 9115),
       (3824, 18, 'Regueb', 'Saida', 9115),
       (3825, 18, 'Regueb', 'El Houda', 9170),
       (3826, 18, 'Regueb', 'Ouled Chabou', 9170),
       (3827, 18, 'Regueb', 'Rihana Nord', 9170),
       (3828, 18, 'Regueb', 'Goubrar', 9172),
       (3829, 18, 'Regueb', 'Cite Ibn Khaldoun', 9170),
       (3830, 18, 'Regueb', 'Cite Ezzouhour', 9170),
       (3831, 18, 'Regueb', 'Cite El Bassatine', 9170),
       (3832, 18, 'Regueb', 'El Gouadria', 9170),
       (3833, 18, 'Regueb', 'Cite De La Republique', 9170),
       (3834, 18, 'Regueb', 'Ksar Sai', 9170),
       (3835, 18, 'Regueb', 'Cite El Khadhra', 9170),
       (3836, 18, 'Regueb', 'Sarayria', 9170),
       (3837, 18, 'Regueb', 'Ouled Abdallah', 9170),
       (3838, 18, 'Regueb', 'Cite El Intilaka', 9170),
       (3839, 18, 'Regueb', 'Sabra', 9170),
       (3840, 18, 'Regueb', 'Matlag', 9170),
       (3841, 18, 'Regueb', 'Erradhaa', 9174),
       (3842, 18, 'Regueb', 'Henchir Khdam', 9170),
       (3843, 18, 'Regueb', 'Bir Charef', 9170),
       (3844, 18, 'Regueb', 'Bou Allegue', 9170),
       (3845, 18, 'Regueb', 'Essfaya', 9115),
       (3846, 18, 'Regueb', 'Bou Dinar', 9170),
       (3847, 18, 'Regueb', 'Farch Guerib', 9170),
       (3848, 18, 'Regueb', 'Fatnassa', 9173),
       (3849, 18, 'Regueb', 'Bir Khelifa', 9170),
       (3850, 18, 'Regueb', 'Bir Gzaiel', 9170),
       (3851, 18, 'Regueb', 'Ouled Ayouni', 9170),
       (3852, 18, 'Regueb', 'Bir El Akerma', 9115),
       (3853, 18, 'Regueb', 'Rihana Sud', 9170),
       (3854, 18, 'Regueb', 'Cite El Manar', 9170),
       (3855, 18, 'Regueb', 'Regueb', 9170),
       (3856, 18, 'Regueb', 'Ezzitouna', 9170),
       (3857, 18, 'Regueb', 'Guenifida', 9170),
       (3858, 18, 'Regueb', 'Ezzadam', 9170),
       (3859, 18, 'Regueb', 'Sidi Ameur', 9170),
       (3860, 18, 'Regueb', 'El Mhafdhia', 9170),
       (3861, 18, 'Regueb', 'Bou Chiha', 9115),
       (3862, 18, 'Regueb', 'Ksar El Hammam', 9170),
       (3863, 18, 'Regueb', 'Cite Ennasr', 9170),
       (3864, 18, 'Regueb', 'Cite Erriadh', 9170),
       (3865, 18, 'Regueb', 'Bir Nsib', 9170),
       (3866, 18, 'Sidi Bouzid Est', 'Dhraa', 9100),
       (3867, 18, 'Sidi Bouzid Est', 'El Haouamed', 9133),
       (3868, 18, 'Sidi Bouzid Est', 'Gatrana', 9112),
       (3869, 18, 'Sidi Bouzid Est', 'Remaidia', 9133),
       (3870, 18, 'Sidi Bouzid Est', 'El Ogla', 9112),
       (3871, 18, 'Sidi Bouzid Est', 'Ain Rabbaou', 9112),
       (3872, 18, 'Sidi Bouzid Est', 'Lessouda', 9171),
       (3873, 18, 'Sidi Bouzid Est', 'Fayedh', 9112),
       (3874, 18, 'Sidi Bouzid Est', 'Ain Bouzer', 9112),
       (3875, 18, 'Sidi Bouzid Est', 'Ouled Boudhiaf', 9112),
       (3876, 18, 'Sidi Bouzid Est', 'Dhayaa', 9100),
       (3877, 18, 'Sidi Bouzid Est', 'Garet Hadid', 9100),
       (3878, 18, 'Sidi Bouzid Est', 'Graa Bennour', 9171),
       (3879, 18, 'Sidi Bouzid Est', 'El Makarem', 9141),
       (3880, 18, 'Sidi Bouzid Est', 'Ezzitoune', 9100),
       (3881, 18, 'Sidi Bouzid Est', 'Hania Bazid', 9112),
       (3882, 18, 'Sidi Bouzid Est', 'Ouled Youssef', 9112),
       (3883, 18, 'Sidi Bouzid Est', 'Cite Agricole', 9100),
       (3884, 18, 'Sidi Bouzid Est', 'Ouled Farhan', 9141),
       (3885, 18, 'Sidi Bouzid Est', 'El Hmaima', 9171),
       (3886, 18, 'Sidi Bouzid Est', 'Bazid', 9112),
       (3887, 18, 'Sidi Bouzid Est', 'Jemel', 9112),
       (3888, 18, 'Sidi Bouzid Ouest', 'Bir Bouzid', 9100),
       (3889, 18, 'Sidi Bouzid Ouest', 'Cite El Kaouafel', 9132),
       (3890, 18, 'Sidi Bouzid Ouest', 'Eddagher', 9131),
       (3891, 18, 'Sidi Bouzid Ouest', 'Essadaguia', 9100),
       (3892, 18, 'Sidi Bouzid Ouest', 'Henchir Esnab', 9131),
       (3893, 18, 'Sidi Bouzid Ouest', 'El Hichria', 9131),
       (3894, 18, 'Sidi Bouzid Ouest', 'Cite Ouled Bel Hedi', 9125),
       (3895, 18, 'Sidi Bouzid Ouest', 'Ouithet Gazal', 9100),
       (3896, 18, 'Sidi Bouzid Ouest', 'Touila', 9100),
       (3897, 18, 'Sidi Bouzid Ouest', 'El Adhla', 9111),
       (3898, 18, 'Sidi Bouzid Ouest', 'Cite El Brahmia', 9100),
       (3899, 18, 'Sidi Bouzid Ouest', 'Oum Ettouboul', 9131),
       (3900, 18, 'Sidi Bouzid Ouest', 'El Guetayfia', 9111),
       (3901, 18, 'Sidi Bouzid Ouest', 'Mefreg El Frayou', 9127),
       (3902, 18, 'Sidi Bouzid Ouest', 'Cite El Fraijia', 9100),
       (3903, 18, 'Sidi Bouzid Ouest', 'Sidi Salem', 9100),
       (3904, 18, 'Sidi Bouzid Ouest', 'Oued El Brij', 9111),
       (3905, 18, 'Sidi Bouzid Ouest', 'Ouled Jalal', 9131),
       (3906, 18, 'Sidi Bouzid Ouest', 'El Ghemamria', 9111),
       (3907, 18, 'Sidi Bouzid Ouest', 'Zaafria', 9100),
       (3908, 18, 'Sidi Bouzid Ouest', 'Sidi Bouzid', 9100),
       (3909, 18, 'Sidi Bouzid Ouest', 'Essandoug', 9100),
       (3910, 18, 'Sidi Bouzid Ouest', 'Ettouansia', 9127),
       (3911, 18, 'Sidi Bouzid Ouest', 'Oum El Adham', 9111),
       (3912, 18, 'Sidi Bouzid Ouest', 'Bir Badra', 9131),
       (3913, 18, 'Sidi Bouzid Ouest', 'El Mlikette', 9111),
       (3914, 18, 'Sidi Bouzid Ouest', 'El Hawajbia', 9100),
       (3915, 18, 'Sidi Bouzid Ouest', 'El Fateh', 9131),
       (3916, 18, 'Sidi Bouzid Ouest', 'Melikette', 9100),
       (3917, 18, 'Sidi Bouzid Ouest', 'Bir El Bey', 9111),
       (3918, 18, 'Souk Jedid', 'El Bekakria', 9142),
       (3919, 18, 'Souk Jedid', 'El Kessayra', 9121),
       (3920, 18, 'Souk Jedid', 'Ouled Amor', 9121),
       (3921, 18, 'Souk Jedid', 'Ouled Khedher', 9121),
       (3922, 18, 'Souk Jedid', 'El Azara', 9121),
       (3923, 18, 'Souk Jedid', 'El Hessinette', 9121),
       (3924, 18, 'Souk Jedid', 'El Hachana', 9142),
       (3925, 18, 'Souk Jedid', 'Gouleb', 9142),
       (3926, 18, 'Souk Jedid', 'Douadnia', 9121),
       (3927, 18, 'Souk Jedid', 'Ouled Alaya', 9121),
       (3928, 18, 'Souk Jedid', 'Bou Chmel', 9142),
       (3929, 18, 'Souk Jedid', 'Remila', 9142),
       (3930, 18, 'Souk Jedid', 'Souk Jedid', 9121),
       (3931, 18, 'Souk Jedid', 'Bou Attouch', 9121),
       (3932, 18, 'Souk Jedid', 'Cegdel', 9121),
       (3933, 18, 'Souk Jedid', 'El Msabhia', 9121),
       (3934, 18, 'Souk Jedid', 'Ouled Dhaher', 9142),
       (3935, 18, 'Souk Jedid', 'Zefzef', 9142),
       (3936, 18, 'Souk Jedid', 'Ennouhoudh', 9121),
       (3937, 18, 'Souk Jedid', 'El Mesatria', 9121),
       (3938, 18, 'Souk Jedid', 'Essadlia', 9121),
       (3939, 18, 'Souk Jedid', 'Ouled Ammar', 9121),
       (3940, 18, 'Souk Jedid', 'Ouled Mhamed', 9121),
       (3941, 19, 'Bargou', 'Drija', 6170),
       (3942, 19, 'Bargou', 'Cite Air Nouvelle', 6170),
       (3943, 19, 'Bargou', 'Sodga', 6173),
       (3944, 19, 'Bargou', 'Cite El Kadim', 6170),
       (3945, 19, 'Bargou', 'Cite Aboul Kacem Chebbi', 6170),
       (3946, 19, 'Bargou', 'Ain El Fourna', 6170),
       (3947, 19, 'Bargou', 'Ain Zakkar', 6170),
       (3948, 19, 'Bargou', 'Cite Ibn Khaldoun', 6170),
       (3949, 19, 'Bargou', 'Cite Ezzouhour', 6170),
       (3950, 19, 'Bargou', 'Bou Saadia', 6115),
       (3951, 19, 'Bargou', 'Bargou', 6170),
       (3952, 19, 'Bargou', 'El Bhirine', 6173),
       (3953, 19, 'Bargou', 'Sidi Amara', 6170),
       (3954, 19, 'Bargou', 'Cite Essaada', 6170),
       (3955, 19, 'Bargou', 'Sidi Zid', 6170),
       (3956, 19, 'Bargou', 'Marj Aouam', 6170),
       (3957, 19, 'Bargou', 'Sidi Said', 6170),
       (3958, 19, 'Bou Arada', 'Cite Ezzayatine Ouest', 6180),
       (3959, 19, 'Bou Arada', 'Jelidi Gare', 6180),
       (3960, 19, 'Bou Arada', 'Cite Essafa', 6180),
       (3961, 19, 'Bou Arada', 'Sidi Abdennour', 6180),
       (3962, 19, 'Bou Arada', 'Ain El Ghessil', 6180),
       (3963, 19, 'Bou Arada', 'Cite Ali Ben Mbarek 2', 6180),
       (3964, 19, 'Bou Arada', 'Cite Ali Ben Mbarek 3', 6180),
       (3965, 19, 'Bou Arada', 'Ksar Boukhris', 6180),
       (3966, 19, 'Bou Arada', 'Cite Essalem', 6180),
       (3967, 19, 'Bou Arada', 'Cite Ali Ben Mbarek 1', 6180),
       (3968, 19, 'Bou Arada', 'Henchir Roumene', 6180),
       (3969, 19, 'Bou Arada', 'Bou Arada', 6180),
       (3970, 19, 'Bou Arada', 'Cite El Bassatine', 6180),
       (3971, 19, 'Bou Arada', 'Baten Zraieb', 6180),
       (3972, 19, 'Bou Arada', 'Cite El Mellassine', 6180),
       (3973, 19, 'Bou Arada', 'Cite Essaada', 6180),
       (3974, 19, 'Bou Arada', 'Khamsa Thenaya', 6180),
       (3975, 19, 'Bou Arada', 'Cite Erriadh 2', 6180),
       (3976, 19, 'Bou Arada', 'Cite Ezzayatine Est', 6180),
       (3977, 19, 'Bou Arada', 'Cite Ennakhil', 6180),
       (3978, 19, 'Bou Arada', 'Cite Erriadh 3', 6180),
       (3979, 19, 'Bou Arada', 'El Fetisse', 6180),
       (3980, 19, 'Bou Arada', 'Cite Erriadh 1', 6180),
       (3981, 19, 'Bou Arada', 'Cite Ennour 2', 6180),
       (3982, 19, 'Bou Arada', 'Cite Ennour 1', 6180),
       (3983, 19, 'Bou Arada', 'El Mejenine', 6180),
       (3984, 19, 'El Aroussa', 'El Aroussa', 6116),
       (3985, 19, 'El Aroussa', 'El Hajjej', 6116),
       (3986, 19, 'El Aroussa', 'Bou Jlida', 6135),
       (3987, 19, 'El Aroussa', 'Oued El Araar', 6116),
       (3988, 19, 'El Aroussa', 'Mosrata', 6116),
       (3989, 19, 'Gaafour', 'Cite Ezzouhour 2', 6110),
       (3990, 19, 'Gaafour', 'Cite Ezzouhour 3', 6110),
       (3991, 19, 'Gaafour', 'El Kharrouba', 6110),
       (3992, 19, 'Gaafour', 'El Aksab', 6121),
       (3993, 19, 'Gaafour', 'El Haouam', 6172),
       (3994, 19, 'Gaafour', 'Cite Touensa', 6110),
       (3995, 19, 'Gaafour', 'Cite El Wafa', 6110),
       (3996, 19, 'Gaafour', 'El Abarguia', 6121),
       (3997, 19, 'Gaafour', 'Cite El Guebli', 6110),
       (3998, 19, 'Gaafour', 'Cite Du Lycee', 6110),
       (3999, 19, 'Gaafour', 'Ain Zrig', 6172),
       (4000, 19, 'Gaafour', 'Akhouat Mine', 6111),
       (4001, 19, 'Gaafour', 'Cite Ezzouhour 1', 6110),
       (4002, 19, 'Gaafour', 'Cite Du Battoire', 6110),
       (4003, 19, 'Gaafour', 'Bennouria', 6121),
       (4004, 19, 'Gaafour', 'Nouisser', 6110),
       (4005, 19, 'Gaafour', 'El Akhouat', 6111),
       (4006, 19, 'Gaafour', 'El Amel', 6121),
       (4007, 19, 'Gaafour', 'El Frachich', 6126),
       (4008, 19, 'Gaafour', 'Gaafour Chergui', 6110),
       (4009, 19, 'Gaafour', 'Mellita', 6111),
       (4010, 19, 'Gaafour', 'Mediouna', 6172),
       (4011, 19, 'Gaafour', 'Gaafour', 6110),
       (4012, 19, 'Gaafour', 'Ennajah', 6121),
       (4013, 19, 'Gaafour', 'El Barrama', 6172),
       (4014, 19, 'Gaafour', 'Sidi Ayed', 6126),
       (4015, 19, 'Gaafour', 'Gaafour Gharbi', 6110),
       (4016, 19, 'Kesra', 'Cite El Ghrob', 6141),
       (4017, 19, 'Kesra', 'El Mansoura', 6131),
       (4018, 19, 'Kesra', 'Hammam Kesra', 6114),
       (4019, 19, 'Kesra', 'Kesra Superieur', 6141),
       (4020, 19, 'Kesra', 'Cite Beni Sayour', 6141),
       (4021, 19, 'Kesra', 'El Garia Sud', 6114),
       (4022, 19, 'Kesra', 'Beni Abdallah', 6131),
       (4023, 19, 'Kesra', 'El Mansoura Nord', 6131),
       (4024, 19, 'Kesra', 'Bou Abdallah', 6141),
       (4025, 19, 'Kesra', 'Cite 20 Mars', 6114),
       (4026, 19, 'Kesra', 'Cite El Bassatine', 6114),
       (4027, 19, 'Kesra', 'Cite El Ksar', 6141),
       (4028, 19, 'Kesra', 'Cite El Bhira', 6141),
       (4029, 19, 'Kesra', 'El Garia', 6133),
       (4030, 19, 'Kesra', 'Kesra', 6114),
       (4031, 19, 'Kesra', 'Ezzaouia', 6114),
       (4032, 19, 'Kesra', 'Cite El Intilaka', 6114),
       (4033, 19, 'Le Krib', 'Borj Messaoudi', 6125),
       (4034, 19, 'Le Krib', 'Cite Ejjamaa', 6120),
       (4035, 19, 'Le Krib', 'Fej El Hadoum', 6120),
       (4036, 19, 'Le Krib', 'Souk El Jomaa', 6132),
       (4037, 19, 'Le Krib', 'Hammam Biadha', 6132),
       (4038, 19, 'Le Krib', 'Cite Abdrabbah 2', 6120),
       (4039, 19, 'Le Krib', 'Cite Abdrabbah 1', 6120),
       (4040, 19, 'Le Krib', 'Doukhania', 6122),
       (4041, 19, 'Le Krib', 'Ouled Bouzid', 6120),
       (4042, 19, 'Le Krib', 'Cite De La Cellule', 6120),
       (4043, 19, 'Le Krib', 'Cite Du Battoire', 6120),
       (4044, 19, 'Le Krib', 'Merkez Ben Njah', 6120),
       (4045, 19, 'Le Krib', 'Oued Tessa El Morr', 6120),
       (4046, 19, 'Le Krib', 'Cite Ettahrir', 6120),
       (4047, 19, 'Le Krib', 'Cite Essanaouber', 6120),
       (4048, 19, 'Le Krib', 'Cite Independance', 6120),
       (4049, 19, 'Le Krib', 'Cite Commerciale', 6120),
       (4050, 19, 'Le Krib', 'Cite Ennasr', 6120),
       (4051, 19, 'Le Krib', 'Le Krib', 6120),
       (4052, 19, 'Makthar', 'Chouarnia', 6140),
       (4053, 19, 'Makthar', 'Zouakra', 6140),
       (4054, 19, 'Makthar', 'Houch Sfaya', 6140),
       (4055, 19, 'Makthar', 'Cite Mongi Slim 2', 6140),
       (4056, 19, 'Makthar', 'Cite Debbiche', 6140),
       (4057, 19, 'Makthar', 'Cite Mongi Slim 1', 6140),
       (4058, 19, 'Makthar', 'Khizrane', 6140),
       (4059, 19, 'Makthar', 'Cite Ksiba', 6140),
       (4060, 19, 'Makthar', 'Cite El Ouns 1', 6140),
       (4061, 19, 'Makthar', 'Cite El Bassatine', 6140),
       (4062, 19, 'Makthar', 'Cite El Ouns 2', 6140),
       (4063, 19, 'Makthar', 'El Khalsa', 6151),
       (4064, 19, 'Makthar', 'Beni Hazam', 6140),
       (4065, 19, 'Makthar', 'Sned Haddad', 6142),
       (4066, 19, 'Makthar', 'Cite Ennahala', 6140),
       (4067, 19, 'Makthar', 'Cite Essiada', 6140),
       (4068, 19, 'Makthar', 'Ras El Oued', 6140),
       (4069, 19, 'Makthar', 'Souk Jomaa', 6140),
       (4070, 19, 'Makthar', 'El Garaa', 6140),
       (4071, 19, 'Makthar', 'Makthar', 6140),
       (4072, 19, 'Makthar', 'Cite Nouvelle', 6140),
       (4073, 19, 'Rohia', 'Hebabsa Sud', 6152),
       (4074, 19, 'Rohia', 'Jemilette', 6150),
       (4075, 19, 'Rohia', 'El Msahla', 6150),
       (4076, 19, 'Rohia', 'El Haria', 6150),
       (4077, 19, 'Rohia', 'Cite Ennour', 6150),
       (4078, 19, 'Rohia', 'Cite Hedi Khfacha', 6150),
       (4079, 19, 'Rohia', 'Magrouna', 6152),
       (4080, 19, 'Rohia', 'Cite El Ouns 1', 6150),
       (4081, 19, 'Rohia', 'Cite El Ouns 2', 6150),
       (4082, 19, 'Rohia', 'Foundouk Debbich', 6150),
       (4083, 19, 'Rohia', 'Rohia', 6150),
       (4084, 19, 'Rohia', 'Cite Ettahrir', 6150),
       (4085, 19, 'Rohia', 'El Hmaima', 6150),
       (4086, 19, 'Rohia', 'Cite Essaada', 6150),
       (4087, 19, 'Rohia', 'Fidh Hammed', 6150),
       (4088, 19, 'Rohia', 'Cite Erriadh', 6150),
       (4089, 19, 'Sidi Bou Rouis', 'Cite Du Battoire', 6113),
       (4090, 19, 'Sidi Bou Rouis', 'Cite Ejjamaa', 6113),
       (4091, 19, 'Sidi Bou Rouis', 'Nechem', 6113),
       (4092, 19, 'Sidi Bou Rouis', 'Bou Rouis Filahi', 6134),
       (4093, 19, 'Sidi Bou Rouis', 'Cite Cheminots', 6113),
       (4094, 19, 'Sidi Bou Rouis', 'Bou Rouis', 6113),
       (4095, 19, 'Sidi Bou Rouis', 'Cite 7 Novembre', 6113),
       (4096, 19, 'Sidi Bou Rouis', 'Cite Du Lycee', 6113),
       (4097, 19, 'Sidi Bou Rouis', 'Krib Gare', 6112),
       (4098, 19, 'Sidi Bou Rouis', 'Ain Achour', 6113),
       (4099, 19, 'Sidi Bou Rouis', 'Ouled Selit', 6134),
       (4100, 19, 'Siliana Nord', 'Cite Cnrps', 6100),
       (4101, 19, 'Siliana Nord', 'Cite Ennouzha', 6100),
       (4102, 19, 'Siliana Nord', 'Cite Miskia', 6100),
       (4103, 19, 'Siliana Nord', 'Jama', 6100),
       (4104, 19, 'Siliana Nord', 'Cite Essalah', 6130),
       (4105, 19, 'Siliana Nord', 'Cite Ezzouhour', 6100),
       (4106, 19, 'Siliana Nord', 'Cite El Bassatine', 6100),
       (4107, 19, 'Siliana Nord', 'Sidi Jabeur', 6100),
       (4108, 19, 'Siliana Nord', 'Cite Ennour 2', 6100),
       (4109, 19, 'Siliana Nord', 'Cite El Yasmine', 6100),
       (4110, 19, 'Siliana Nord', 'Cite Taieb Mhiri', 6100),
       (4111, 19, 'Siliana Nord', 'Cite Ennour 1', 6100),
       (4112, 19, 'Siliana Nord', 'Cite Essalah 2', 6130),
       (4113, 19, 'Siliana Nord', 'Cite Office Cereale', 6100),
       (4114, 19, 'Siliana Sud', 'Ain El Jouza', 6123),
       (4115, 19, 'Siliana Sud', 'Douar Ezzriba', 6196),
       (4116, 19, 'Siliana Sud', 'El Megarba', 6100),
       (4117, 19, 'Siliana Sud', 'Ksar Hadid', 6100),
       (4118, 19, 'Siliana Sud', 'Cite Du Lycee', 6100),
       (4119, 19, 'Siliana Sud', 'Cite De La Republique', 6100),
       (4120, 19, 'Siliana Sud', 'Ras El Ma', 6196),
       (4121, 19, 'Siliana Sud', 'Cite Mongi Slim', 6100),
       (4122, 19, 'Siliana Sud', 'El Ghemalia', 6196),
       (4123, 19, 'Siliana Sud', 'Gabr El Ghoul', 6100),
       (4124, 19, 'Siliana Sud', 'Sidi Mansour', 6100),
       (4125, 19, 'Siliana Sud', 'Cite Hached', 6100),
       (4126, 19, 'Siliana Sud', 'El Kantra', 6123),
       (4127, 19, 'Siliana Sud', 'Sidi Morched', 6196),
       (4128, 19, 'Siliana Sud', 'Sidi Hamada', 6124),
       (4129, 19, 'Siliana Sud', 'Cite El Aida', 6100),
       (4130, 19, 'Siliana Sud', 'Zaouiet Sidi Abdelmalek', 6123),
       (4131, 19, 'Siliana Sud', 'Cite Erriadh 2', 6100),
       (4132, 19, 'Siliana Sud', 'Cite Erriadh 1', 6100),
       (4133, 19, 'Siliana Sud', 'Fidh Arous', 6100),
       (4134, 19, 'Siliana Sud', 'Ain Dissa', 6100),
       (4135, 19, 'Siliana Sud', 'Essafina', 6143),
       (4136, 19, 'Siliana Sud', 'Siliana', 6100),
       (4137, 19, 'Siliana Sud', 'El Gabel', 6100),
       (4138, 19, 'Siliana Sud', 'Sidi Ameur', 6196),
       (4139, 19, 'Siliana Sud', 'Ghars Ezzriba', 6196),
       (4140, 19, 'Siliana Sud', 'El Ganara', 6124),
       (4141, 20, 'Akouda', 'Cite Du Dispensaire', 4042),
       (4142, 20, 'Akouda', 'Halk El Menjel', 4042),
       (4143, 20, 'Akouda', 'Cite Ejjamaa', 4042),
       (4144, 20, 'Akouda', 'Tantana', 4042),
       (4145, 20, 'Akouda', 'Chott Meriam', 4042),
       (4146, 20, 'Akouda', 'Akouda', 4022),
       (4147, 20, 'Akouda', 'Cite Ecole Superieure', 4042),
       (4148, 20, 'Bouficha', 'Lenderia', 4010),
       (4149, 20, 'Bouficha', 'Sidi Khelifa', 4082),
       (4150, 20, 'Bouficha', 'Bouficha', 4010),
       (4151, 20, 'Bouficha', 'Oued El Kharroub', 4010),
       (4152, 20, 'Bouficha', 'Cite Militaire', 4010),
       (4153, 20, 'Bouficha', 'Ain Errahma', 4092),
       (4154, 20, 'Bouficha', 'Cite Ezzouhour', 4010),
       (4155, 20, 'Bouficha', 'Cite 20 Mars', 4010),
       (4156, 20, 'Bouficha', 'Cite Snit', 4010),
       (4157, 20, 'Bouficha', 'Cite Ettahrir', 4010),
       (4158, 20, 'Bouficha', 'Cite Hached', 4010),
       (4159, 20, 'Bouficha', 'Sidi Mtir', 4010),
       (4160, 20, 'Bouficha', 'Essalloum', 4010),
       (4161, 20, 'Bouficha', 'Cite Erriadh', 4010),
       (4162, 20, 'Bouficha', 'Sidi Said', 4010),
       (4163, 20, 'Enfidha', 'Enfidha', 4030),
       (4164, 20, 'Enfidha', 'Cite Cimenterie', 4030),
       (4165, 20, 'Enfidha', 'Grimit Ouest', 4030),
       (4166, 20, 'Enfidha', 'Cite El Bidhane', 4030),
       (4167, 20, 'Enfidha', 'El Ghouilet', 4030),
       (4168, 20, 'Enfidha', 'Menzel Fateh', 4030),
       (4169, 20, 'Enfidha', 'Cite Essalem', 4030),
       (4170, 20, 'Enfidha', 'Essafha', 4030),
       (4171, 20, 'Enfidha', 'Ouled Mohamed', 4030),
       (4172, 20, 'Enfidha', 'Cite Ezzayatine', 4030),
       (4173, 20, 'Enfidha', 'Cite El Yasmine', 4030),
       (4174, 20, 'Enfidha', 'Dhehaibia', 4030),
       (4175, 20, 'Enfidha', 'El Ghoualif', 4030),
       (4176, 20, 'Enfidha', 'Cite Hached', 4030),
       (4177, 20, 'Enfidha', 'Ouled Abdallah', 4030),
       (4178, 20, 'Enfidha', 'Hicher', 4030),
       (4179, 20, 'Enfidha', 'Essmaidia', 4030),
       (4180, 20, 'Enfidha', 'Cite Mohamed Ali', 4030),
       (4181, 20, 'Enfidha', 'El Frada', 4030),
       (4182, 20, 'Enfidha', 'Sidi Saidane', 4030),
       (4183, 20, 'Enfidha', 'Chegarnia', 4034),
       (4184, 20, 'Enfidha', 'Menzel Bel Ouaer', 4032),
       (4185, 20, 'Enfidha', 'Ain Medheker', 4095),
       (4186, 20, 'Enfidha', 'Cite Environnement', 4030),
       (4187, 20, 'Enfidha', 'Methalithe', 4030),
       (4188, 20, 'Enfidha', 'Mrabet Hached', 4030),
       (4189, 20, 'Enfidha', 'Ouled Bellil', 4030),
       (4190, 20, 'Enfidha', 'Cite Ettahrir', 4030),
       (4191, 20, 'Enfidha', 'Cite 7 Novembre', 4030),
       (4192, 20, 'Enfidha', 'Grimit Est', 4030),
       (4193, 20, 'Enfidha', 'Takrouna', 4030),
       (4194, 20, 'Enfidha', 'Ain Garci', 4035),
       (4195, 20, 'Enfidha', 'Cite Erriadh', 4030),
       (4196, 20, 'Hammam Sousse', 'Cite Presidentielle', 4089),
       (4197, 20, 'Hammam Sousse', 'El Kantaoui', 4089),
       (4198, 20, 'Hammam Sousse', 'Cite De La Plage 1', 4017),
       (4199, 20, 'Hammam Sousse', 'Cite Ennarjes 1', 4017),
       (4200, 20, 'Hammam Sousse', 'Cite Ennarjes 2', 4017),
       (4201, 20, 'Hammam Sousse', 'Cite Jawhara', 4017),
       (4202, 20, 'Hammam Sousse', 'Cite Ezzitouna 2', 4089),
       (4203, 20, 'Hammam Sousse', 'Cite De La Plage 2', 4017),
       (4204, 20, 'Hammam Sousse', 'Hammam Sousse Gharbi', 4017),
       (4205, 20, 'Hammam Sousse', 'Hammam Sousse', 4011),
       (4206, 20, 'Hammam Sousse', 'Cite Ezzitouna 1', 4089),
       (4207, 20, 'Hergla', 'Hergla', 4012),
       (4208, 20, 'Hergla', 'Souayeh', 4012),
       (4209, 20, 'Hergla', 'El Aribat', 4012),
       (4210, 20, 'Kalaa Kebira', 'Ouled Lesseoud', 4060),
       (4211, 20, 'Kalaa Kebira', 'El Kraria', 4060),
       (4212, 20, 'Kalaa Kebira', 'Cite Chargui', 4060),
       (4213, 20, 'Kalaa Kebira', 'Chiab', 4063),
       (4214, 20, 'Kalaa Kebira', 'Cite Ennouzha 2', 4060),
       (4215, 20, 'Kalaa Kebira', 'Cite Ennouzha 1', 4060),
       (4216, 20, 'Kalaa Kebira', 'Cite Bir Hlaoua', 4060),
       (4217, 20, 'Kalaa Kebira', 'Kalaa Kebira Ksar', 4062),
       (4218, 20, 'Kalaa Kebira', 'Cite El Jebs', 4060),
       (4219, 20, 'Kalaa Kebira', 'Cite El Mansoura', 4060),
       (4220, 20, 'Kalaa Kebira', 'Cite Zone Des Metiers', 4060),
       (4221, 20, 'Kalaa Kebira', 'Cite El Bassatine', 4060),
       (4222, 20, 'Kalaa Kebira', 'Cite Fadden Aoun', 4060),
       (4223, 20, 'Kalaa Kebira', 'Kalaa Kebira', 4060),
       (4224, 20, 'Kalaa Kebira', 'Cite Sidi Zaied', 4060),
       (4225, 20, 'Kalaa Kebira', 'Cite Bir Chemsi', 4060),
       (4226, 20, 'Kalaa Kebira', 'Belaoum', 4060),
       (4227, 20, 'Kalaa Kebira', 'Cite Commerciale', 4060),
       (4228, 20, 'Kalaa Kebira', 'Cite El Intilaka', 4060),
       (4229, 20, 'Kalaa Kebira', 'Ahel Jemiaa', 4060),
       (4230, 20, 'Kalaa Kebira', 'Cite Nouvelle', 4060),
       (4231, 20, 'Kalaa Sghira', 'Oued Laya', 4021),
       (4232, 20, 'Kalaa Sghira', 'Cite El Manezeh', 4021),
       (4233, 20, 'Kalaa Sghira', 'Cite Chabbett Ezzaouia', 4021),
       (4234, 20, 'Kalaa Sghira', 'Ennagr', 4021),
       (4235, 20, 'Kalaa Sghira', 'Kalaa Sghira', 4021),
       (4236, 20, 'Kalaa Sghira', 'Cite Chragui', 4021),
       (4237, 20, 'Kalaa Sghira', 'Cite Khazzen El Ma', 4021),
       (4238, 20, 'Kondar', 'Kondar', 4020),
       (4239, 20, 'Kondar', 'Ouled Ameur', 4020),
       (4240, 20, 'Kondar', 'Blelma', 4020),
       (4241, 20, 'Kondar', 'El Bechachma', 4020),
       (4242, 20, 'Kondar', 'Tarhouna', 4020),
       (4243, 20, 'Kondar', 'Bir Jedid', 4020),
       (4244, 20, 'Kondar', 'Ouled El Abed', 4020),
       (4245, 20, 'Sidi Bou Ali', 'El Araydhia', 4040),
       (4246, 20, 'Sidi Bou Ali', 'Cite El Bassatine', 4040),
       (4247, 20, 'Sidi Bou Ali', 'El Mhedhba', 4040),
       (4248, 20, 'Sidi Bou Ali', 'Essad Nord', 4045),
       (4249, 20, 'Sidi Bou Ali', 'El Alouj', 4040),
       (4250, 20, 'Sidi Bou Ali', 'Sidi Bou Ali', 4040),
       (4251, 20, 'Sidi Bou Ali', 'Essad Sud', 4040),
       (4252, 20, 'Sidi Bou Ali', 'Ouriemma', 4040),
       (4253, 20, 'Sidi Bou Ali', 'Menzel Gare', 4043),
       (4254, 20, 'Sidi Bou Ali', 'El Aitha', 4040),
       (4255, 20, 'Sidi Bou Ali', 'Kenana', 4040),
       (4256, 20, 'Sidi Bou Ali', 'Cite Ibn Khaldoun', 4040),
       (4257, 20, 'Sidi El Heni', 'Ouled El Kbaier', 4025),
       (4258, 20, 'Sidi El Heni', 'Zerdoub', 4025),
       (4259, 20, 'Sidi El Heni', 'Ghabghoub', 4025),
       (4260, 20, 'Sidi El Heni', 'Ouled Amor', 4025),
       (4261, 20, 'Sidi El Heni', 'Ouled Boubaker', 4025),
       (4262, 20, 'Sidi El Heni', 'Ouled El Khechine', 4025),
       (4263, 20, 'Sidi El Heni', 'Sidi El Heni', 4025),
       (4264, 20, 'Sidi El Heni', 'Ouled Alouene', 4025),
       (4265, 20, 'Sidi El Heni', 'El Mouissette', 4025),
       (4266, 20, 'Sidi El Heni', 'Kroussia', 4026),
       (4267, 20, 'Sidi El Heni', 'Cherachir', 4026),
       (4268, 20, 'Sidi El Heni', 'Ouled Ali B Hani', 4025),
       (4269, 20, 'Sousse Jawhara', 'Cite Aeroport', 4061),
       (4270, 20, 'Sousse Jawhara', 'Cite Sidi Daher', 4051),
       (4271, 20, 'Sousse Jawhara', 'Sahloul', 4054),
       (4272, 20, 'Sousse Jawhara', 'Cite El Ghoudrane', 4061),
       (4273, 20, 'Sousse Jawhara', 'Cite Sahloul', 4054),
       (4274, 20, 'Sousse Jawhara', 'Sousse Khezama', 4051),
       (4275, 20, 'Sousse Jawhara', 'Cite De La Steg', 4051),
       (4276, 20, 'Sousse Jawhara', 'Sousse Ibn Khaldoun', 4061),
       (4277, 20, 'Sousse Jawhara', 'Cite Sidi Abdelhamid', 4061),
       (4278, 20, 'Sousse Jawhara', 'Khezama Ouest', 4071),
       (4279, 20, 'Sousse Jawhara', 'Cite Batiments', 4061),
       (4280, 20, 'Sousse Jawhara', 'Cite Ben Aleya', 4061),
       (4281, 20, 'Sousse Riadh', 'Cite 7 Novembre 3', 4041),
       (4282, 20, 'Sousse Riadh', 'Ksibet Sousse', 4041),
       (4283, 20, 'Sousse Riadh', 'Thrayette', 4041),
       (4284, 20, 'Sousse Riadh', 'Sousse Riadh', 4023),
       (4285, 20, 'Sousse Riadh', 'Cite 7 Novembre', 4041),
       (4286, 20, 'Sousse Riadh', 'Sousse Ezzouhour', 4031),
       (4287, 20, 'Sousse Riadh', 'Cite Sinan Pacha', 4041),
       (4288, 20, 'Sousse Riadh', 'Zaouiet Sousse', 4081),
       (4289, 20, 'Sousse Ville', 'Cite Boukhzar', 4000),
       (4290, 20, 'Sousse Ville', 'Cite Cnrps', 4000),
       (4291, 20, 'Sousse Ville', 'Cite Militaire', 4000),
       (4292, 20, 'Sousse Ville', 'Cite Hadrumette', 4000),
       (4293, 20, 'Sousse Ville', 'Cite Khedher', 4000),
       (4294, 20, 'Sousse Ville', 'Cite Rizzi', 4000),
       (4295, 20, 'Sousse Ville', 'Cite Cheminots', 4000),
       (4296, 20, 'Sousse Ville', 'Cite Jawhara', 4000),
       (4297, 20, 'Sousse Ville', 'Cite Sprols', 4000),
       (4298, 20, 'Sousse Ville', 'Sousse Corniche', 4059),
       (4299, 20, 'Sousse Ville', 'Sousse', 4000),
       (4300, 20, 'Sousse Ville', 'Cite Hached', 4000),
       (4301, 20, 'Sousse Ville', 'Cite Garde Nationale', 4000),
       (4302, 21, 'Bir Lahmar', 'Cite El Bassatine', 3212),
       (4303, 21, 'Bir Lahmar', 'Habhab', 3212),
       (4304, 21, 'Bir Lahmar', 'Oued El Arfej', 3212),
       (4305, 21, 'Bir Lahmar', 'Cite Esned', 3212),
       (4306, 21, 'Bir Lahmar', 'El Argoub', 3212),
       (4307, 21, 'Bir Lahmar', 'Bir Lahmar', 3212),
       (4308, 21, 'Bir Lahmar', 'Ksar Ouled Boubaker', 3212),
       (4309, 21, 'Bir Lahmar', 'Cite El Grar', 3212),
       (4310, 21, 'Bir Lahmar', 'Cite El Menzah', 3212),
       (4311, 21, 'Bir Lahmar', 'Ouled Yahya', 3212),
       (4312, 21, 'Bir Lahmar', 'Gragar', 3212),
       (4313, 21, 'Dhehiba', 'Cite El Amel', 3253),
       (4314, 21, 'Dhehiba', 'Cite Ettadhamen', 3253),
       (4315, 21, 'Dhehiba', 'Cite Olympique', 3253),
       (4316, 21, 'Dhehiba', 'Cite Du Bain Maure', 3253),
       (4317, 21, 'Dhehiba', 'Ouni', 3253),
       (4318, 21, 'Dhehiba', 'Oum Zoggar', 3253),
       (4319, 21, 'Dhehiba', 'Cite 7 Novembre', 3253),
       (4320, 21, 'Dhehiba', 'Cite Haftali', 3253),
       (4321, 21, 'Dhehiba', 'Cite Ksar Guedim', 3253),
       (4322, 21, 'Dhehiba', 'Cite El Aidi', 3253),
       (4323, 21, 'Dhehiba', 'Cite Ettadhamen 1', 3253),
       (4324, 21, 'Dhehiba', 'Dhehiba', 3253),
       (4325, 21, 'Ghomrassen', 'Cite El Ain', 3220),
       (4326, 21, 'Ghomrassen', 'Cite Ibn Arafa', 3220),
       (4327, 21, 'Ghomrassen', 'Cite Des Oasis', 3220),
       (4328, 21, 'Ghomrassen', 'Cite Founesse', 3220),
       (4329, 21, 'Ghomrassen', 'Cite Mouzdelifa', 3220),
       (4330, 21, 'Ghomrassen', 'Ksar El Mourabtine', 3251),
       (4331, 21, 'Ghomrassen', 'Cite Bir Karma', 3220),
       (4332, 21, 'Ghomrassen', 'El Hencha', 3220),
       (4333, 21, 'Ghomrassen', 'Cite Bakhtit', 3220),
       (4334, 21, 'Ghomrassen', 'Cite Taousse', 3220),
       (4335, 21, 'Ghomrassen', 'Ksar El Hedada', 3261),
       (4336, 21, 'Ghomrassen', 'Cite Commerciale', 3220),
       (4337, 21, 'Ghomrassen', 'El Farech', 3241),
       (4338, 21, 'Ghomrassen', 'Cite Des Martyrs', 3220),
       (4339, 21, 'Ghomrassen', 'El Horria', 3224),
       (4340, 21, 'Ghomrassen', 'Cite Du Stade', 3220),
       (4341, 21, 'Ghomrassen', 'Cite El Anouar', 3220),
       (4342, 21, 'Ghomrassen', 'Mdhilla', 3220),
       (4343, 21, 'Ghomrassen', 'Cite Ennakhil', 3220),
       (4344, 21, 'Ghomrassen', 'Oued El Khil', 3235),
       (4345, 21, 'Ghomrassen', 'Cite El Maaraka', 3220),
       (4346, 21, 'Ghomrassen', 'Cite Rosfa', 3220),
       (4347, 21, 'Ghomrassen', 'Cite Tataouine', 3220),
       (4348, 21, 'Ghomrassen', 'Cite El Bicher', 3220),
       (4349, 21, 'Ghomrassen', 'Cite Ettahrir 2', 3220),
       (4350, 21, 'Ghomrassen', 'Cite Romana', 3220),
       (4351, 21, 'Ghomrassen', 'Cite Ettahrir 1', 3220),
       (4352, 21, 'Ghomrassen', 'Cite Sifri', 3220),
       (4353, 21, 'Ghomrassen', 'Ghomrassen', 3220),
       (4354, 21, 'Ghomrassen', 'Cite Ennasr', 3220),
       (4355, 21, 'Ghomrassen', 'Cite Nouvelle', 3220),
       (4356, 21, 'Ghomrassen', 'Guermessa', 3271),
       (4357, 21, 'Remada', 'Nekrif', 3286),
       (4358, 21, 'Remada', 'Borj Bourguiba', 3240),
       (4359, 21, 'Remada', 'Kambout', 3245),
       (4360, 21, 'Remada', 'Oum Souigh', 3240),
       (4361, 21, 'Remada', 'El Morra', 3240),
       (4362, 21, 'Remada', 'Borj El Khadra', 3240),
       (4363, 21, 'Remada', 'Remada', 3240),
       (4364, 21, 'Remada', 'Bir Amir', 3244),
       (4365, 21, 'Remada', 'El Maghni', 3240),
       (4366, 21, 'Remada', 'El Ouchouch', 3240),
       (4367, 21, 'Smar', 'Cite Du Stade', 3223),
       (4368, 21, 'Smar', 'Ksar Oun', 3213),
       (4369, 21, 'Smar', 'El Guetaya', 3223),
       (4370, 21, 'Smar', 'Sabeg', 3223),
       (4371, 21, 'Smar', 'Ksar El Gaa', 3223),
       (4372, 21, 'Smar', 'Smar', 3223),
       (4373, 21, 'Smar', 'Guearaat Helal', 3223),
       (4374, 21, 'Smar', 'El Maouna', 3200),
       (4375, 21, 'Smar', 'Gualeb Errakham', 3223),
       (4376, 21, 'Smar', 'Oudiete Abdelounis', 3223),
       (4377, 21, 'Smar', 'Cite Caserne', 3223),
       (4378, 21, 'Smar', 'Beni Mehira', 3262),
       (4379, 21, 'Smar', 'El Morra', 3223),
       (4380, 21, 'Smar', 'Ras El Oued', 3223),
       (4381, 21, 'Smar', 'El Ghariani', 3223),
       (4382, 21, 'Smar', 'Kirchaou', 3225),
       (4383, 21, 'Smar', 'Rehach', 3223),
       (4384, 21, 'Tataouine Nord', 'Oued El Ghar', 3243),
       (4385, 21, 'Tataouine Nord', 'Cite Abbes', 3200),
       (4386, 21, 'Tataouine Nord', 'Gattoufa', 3233),
       (4387, 21, 'Tataouine Nord', 'Khetma', 3200),
       (4388, 21, 'Tataouine Nord', 'Cite El Mahrajene', 3200),
       (4389, 21, 'Tataouine Nord', 'Cite Ennouzha', 3200),
       (4390, 21, 'Tataouine Nord', 'El Hachana', 3217),
       (4391, 21, 'Tataouine Nord', 'Ksar Ouled Soltan', 3282),
       (4392, 21, 'Tataouine Nord', 'Cite Ennour', 3200),
       (4393, 21, 'Tataouine Nord', 'Ksar Bhir', 3200),
       (4394, 21, 'Tataouine Nord', 'Essaada', 3217),
       (4395, 21, 'Tataouine Nord', 'Zmilet Saber', 3243),
       (4396, 21, 'Tataouine Nord', 'Tlelet', 3214),
       (4397, 21, 'Tataouine Nord', 'Tamazout', 3200),
       (4398, 21, 'Tataouine Nord', 'Tataouine 7 Novembre', 3263),
       (4399, 21, 'Tataouine Nord', 'Remtha', 3200),
       (4400, 21, 'Tataouine Nord', 'Ksar El Galaa', 3200),
       (4401, 21, 'Tataouine Nord', 'Ezzahra Tataouine', 3272),
       (4402, 21, 'Tataouine Nord', 'Tamelest', 3200),
       (4403, 21, 'Tataouine Sud', 'Sedra', 3200),
       (4404, 21, 'Tataouine Sud', 'Chenini', 3222),
       (4405, 21, 'Tataouine Sud', 'Ghorghar', 3200),
       (4406, 21, 'Tataouine Sud', 'Beni Barka', 3215),
       (4407, 21, 'Tataouine Sud', 'Douiret', 3232),
       (4408, 21, 'Tataouine Sud', 'Maztouria', 3252),
       (4409, 21, 'Tataouine Sud', 'Tataouine', 3200),
       (4410, 21, 'Tataouine Sud', 'Cite Senegal', 3200),
       (4411, 21, 'Tataouine Sud', 'Cite Du President', 3200),
       (4412, 21, 'Tataouine Sud', 'Ksar Debab', 3242),
       (4413, 21, 'Tataouine Sud', 'Ras El Oued', 3264),
       (4414, 21, 'Tataouine Sud', 'Cite Des Roses', 3200),
       (4415, 21, 'Tataouine Sud', 'Cite Commerciale', 3200),
       (4416, 21, 'Tataouine Sud', 'Ksar Mguebla', 3221),
       (4417, 21, 'Tataouine Sud', 'Bir Thlathine', 3284),
       (4418, 21, 'Tataouine Sud', 'Chenini Nouvelle', 3274),
       (4419, 21, 'Tataouine Sud', 'Cite Erriadh', 3200),
       (4420, 21, 'Tataouine Sud', 'Rogba', 3293),
       (4421, 21, 'Tataouine Sud', 'Cite El Hedadda', 3200),
       (4422, 21, 'Tataouine Sud', 'Cite Nouvelle', 3200),
       (4423, 21, 'Tataouine Sud', 'Tounket', 3211),
       (4424, 22, 'Degueche', 'Cite Du Stade', 2260),
       (4425, 22, 'Degueche', 'Zaouiet El Arab', 2261),
       (4426, 22, 'Degueche', 'Degueche', 2260),
       (4427, 22, 'Degueche', 'Bou Helal', 2263),
       (4428, 22, 'Degueche', 'Cite Ouled Hmida', 2260),
       (4429, 22, 'Degueche', 'El Hamma Du Jerid', 2214),
       (4430, 22, 'Degueche', 'Chakmou', 2214),
       (4431, 22, 'Degueche', 'El Mahassen', 2224),
       (4432, 22, 'Degueche', 'Cite Logement Presidentiel', 2260),
       (4433, 22, 'Degueche', 'Sabaa Obbat', 2261),
       (4434, 22, 'Degueche', 'Dghoumes', 2262),
       (4435, 22, 'Degueche', 'Cite El Hasnaoui', 2260),
       (4436, 22, 'Degueche', 'Cite El Bassatine', 2260),
       (4437, 22, 'Degueche', 'Cite Nouveau Stade', 2260),
       (4438, 22, 'Degueche', 'Ouled Majed', 2261),
       (4439, 22, 'Degueche', 'Ceddada', 2263),
       (4440, 22, 'Degueche', 'Cite De La Gare', 2260),
       (4441, 22, 'Degueche', 'Cite Ouled El Gharbi', 2260),
       (4442, 22, 'Hezoua', 'Hezoua', 2223),
       (4443, 22, 'Nefta', 'Nefta', 2240),
       (4444, 22, 'Nefta', 'Cite Khzama', 2240),
       (4445, 22, 'Nefta', 'Ben Farjallah', 2245),
       (4446, 22, 'Nefta', 'Cite Erriadh', 2240),
       (4447, 22, 'Nefta', 'Cite Nouvelle', 2240),
       (4448, 22, 'Tameghza', 'Cite Bou Chagra', 2253),
       (4449, 22, 'Tameghza', 'Logement Populaire', 2212),
       (4450, 22, 'Tameghza', 'Dhafria', 2211),
       (4451, 22, 'Tameghza', 'Cite Administrative', 2212),
       (4452, 22, 'Tameghza', 'Cite El Frada', 2253),
       (4453, 22, 'Tameghza', 'Cite El Amel', 2212),
       (4454, 22, 'Tameghza', 'Ain El Karma', 2212),
       (4455, 22, 'Tameghza', 'Cite El Bassatine', 2253),
       (4456, 22, 'Tameghza', 'Sondes', 2212),
       (4457, 22, 'Tameghza', 'Tameghza', 2212),
       (4458, 22, 'Tameghza', 'Chebika Du Jerid', 2253),
       (4459, 22, 'Tameghza', 'Remitha', 2212),
       (4460, 22, 'Tameghza', 'Mides', 2212),
       (4461, 22, 'Tameghza', 'El Frid', 2212),
       (4462, 22, 'Tozeur', 'Cite Route De Degueche', 2210),
       (4463, 22, 'Tozeur', 'Cite Tebebsa', 2210),
       (4464, 22, 'Tozeur', 'Cite Cnrps', 2210),
       (4465, 22, 'Tozeur', 'Tozeur Aeroport', 2213),
       (4466, 22, 'Tozeur', 'Cite El Guitna', 2210),
       (4467, 22, 'Tozeur', 'Cite Sidi El Hafnaoui', 2210),
       (4468, 22, 'Tozeur', 'Tozeur', 2200),
       (4469, 22, 'Tozeur', 'Jahim', 2233),
       (4470, 22, 'Tozeur', 'Bled El Hadhar', 2233),
       (4471, 22, 'Tozeur', 'Cite Commerciale', 2200),
       (4472, 22, 'Tozeur', 'Chorfa', 2243),
       (4473, 22, 'Tozeur', 'Cite Route Ennafliette', 2210),
       (4474, 22, 'Tozeur', 'Ras Dhraa', 2241),
       (4475, 22, 'Tozeur', 'Tozeur Chokratsi', 2210),
       (4476, 22, 'Tozeur', 'Cite El Mahrajene', 2210),
       (4477, 22, 'Tozeur', 'Cite Hopital', 2210),
       (4478, 22, 'Tozeur', 'Chetaoua Sahraoui', 2239),
       (4479, 22, 'Tozeur', 'Chabbia', 2243),
       (4480, 22, 'Tozeur', 'Cite Route El Hamma', 2210),
       (4481, 22, 'Tozeur', 'Cite Helba', 2210),
       (4482, 22, 'Tozeur', 'Abbes', 2233),
       (4483, 22, 'Tozeur', 'Cite Afh', 2210),
       (4484, 22, 'Tozeur', 'Cite Maison Populaire', 2210),
       (4485, 22, 'Tozeur', 'Cite De La Gare', 2210),
       (4486, 22, 'Tozeur', 'Cite El Izdihar', 2241),
       (4487, 22, 'Tozeur', 'Essoualmia', 2233),
       (4488, 22, 'Tozeur', 'Zone Touristique', 2210),
       (4489, 22, 'Tozeur', 'Cite Route El Hajij', 2210),
       (4490, 22, 'Tozeur', 'Bou Lifa', 2233),
       (4491, 1, 'Bab Bhar', 'Bab El Jazira', 1000),
       (4492, 1, 'Bab Bhar', 'Bab Bhar', 1000),
       (4493, 1, 'Bab Bhar', 'Sidi Bahri', 1000),
       (4494, 1, 'Bab Bhar', 'Republique', 1001),
       (4495, 1, 'Bab Bhar', 'Hedi Chaker', 1002),
       (4496, 1, 'Bab Bhar', 'Habib Thameur', 1069),
       (4497, 1, 'Bab Bhar', 'Montplaisir', 1073),
       (4498, 1, 'Bab Souika', 'Hammam El Remimi', 1006),
       (4499, 1, 'Bab Souika', 'Zaouiet El Bakria', 1006),
       (4500, 1, 'Bab Souika', 'Tronja', 1006),
       (4501, 1, 'Bab Souika', 'Bab El Khadra', 1075),
       (4502, 1, 'Bab Souika', 'El Halfaouine', 1006),
       (4503, 1, 'Bab Souika', 'Bab Saadoun', 1029),
       (4504, 1, 'Bab Souika', 'Bab Sidi Abdessalem', 1006),
       (4505, 1, 'Bab Souika', 'Bab El Alouj', 1006),
       (4506, 1, 'Bab Souika', 'Bab Souika', 1006),
       (4507, 1, 'Bab Souika', 'Sidi Djebeli', 1006),
       (4508, 1, 'Bab Souika', 'Bab El Akoues', 1006),
       (4509, 1, 'Bab Souika', 'Borj Zouara', 1006),
       (4510, 1, 'Bab Souika', 'Bab El Assel', 1006),
       (4511, 1, 'Carthage', 'Carthage', 2016),
       (4512, 1, 'Carthage', 'Cartage Byrsa', 2016),
       (4513, 1, 'Carthage', 'Sidi Bousaid', 2026),
       (4514, 1, 'Carthage', 'Cite Mohamed Ali', 2016),
       (4515, 1, 'Carthage', 'Cartage Plage', 2016),
       (4516, 1, 'Carthage', 'Cite De La Steg', 2016),
       (4517, 1, 'Carthage', 'El Yasmina', 2085),
       (4518, 1, 'Carthage', 'Amilcar', 1054),
       (4519, 1, 'Carthage', 'Salambo', 2025),
       (4520, 1, 'Cite El Khadra', 'Cite Star', 1003),
       (4521, 1, 'Cite El Khadra', 'Cite El Khadra', 1003),
       (4522, 1, 'Cite El Khadra', 'El Charguia', 2035),
       (4523, 1, 'Cite El Khadra', 'Cite Oplympique', 1003),
       (4524, 1, 'Cite El Khadra', 'Cite El Wafa', 1003),
       (4525, 1, 'Cite El Khadra', 'Cite Olympeade', 1003),
       (4526, 1, 'Cite El Khadra', 'Kheireddine Pacha', 1002),
       (4527, 1, 'Cite El Khadra', 'Cite Jardins', 1002),
       (4528, 1, 'El Hrairia', 'Cite Bouzaiene', 2052),
       (4529, 1, 'El Hrairia', 'Ezzahrouni', 2051),
       (4530, 1, 'El Hrairia', 'Cite El Mechtel', 2087),
       (4531, 1, 'El Hrairia', 'Ezzouhour 5', 2052),
       (4532, 1, 'El Hrairia', 'Cite Bougatfa 1', 2051),
       (4533, 1, 'El Hrairia', 'Cite Medjerda', 2051),
       (4534, 1, 'El Hrairia', 'Cite Essoltani', 2051),
       (4535, 1, 'El Hrairia', 'Cite Essalama', 2051),
       (4536, 1, 'El Hrairia', 'Cite Jlas', 2051),
       (4537, 1, 'El Hrairia', 'Cite Errachidia', 2051),
       (4538, 1, 'El Hrairia', 'Cite Hwas', 2087),
       (4539, 1, 'El Hrairia', 'El Hrairia', 2087),
       (4540, 1, 'El Kabbaria', 'El Kabbaria 4', 2053),
       (4541, 1, 'El Kabbaria', 'Ibn Sina', 2066),
       (4542, 1, 'El Kabbaria', 'El Kabbaria 2', 2053),
       (4543, 1, 'El Kabbaria', 'El Kabbaria 3', 2053),
       (4544, 1, 'El Kabbaria', 'El Kabbaria 1', 2053),
       (4545, 1, 'El Kabbaria', 'El Ouerdia 4', 2053),
       (4546, 1, 'El Kabbaria', 'Cite Bou Hjar', 2053),
       (4547, 1, 'El Kabbaria', 'El Mourouj 2', 1074),
       (4548, 1, 'El Kram', 'Le Kram Est', 2015),
       (4549, 1, 'El Kram', 'Le Kram', 2015),
       (4550, 1, 'El Kram', 'Bir El Hlou', 2089),
       (4551, 1, 'El Kram', 'Sidi Amor', 2089),
       (4552, 1, 'El Kram', 'Le Kram Ouest', 2089),
       (4553, 1, 'El Kram', 'Erriadh', 2015),
       (4554, 1, 'El Menzah', 'El Menzah 3', 1082),
       (4555, 1, 'El Menzah', 'El Menzah 2', 1082),
       (4556, 1, 'El Menzah', 'El Menzah 1', 1004),
       (4557, 1, 'El Menzah', 'Cite Du Paradis', 2092),
       (4558, 1, 'El Menzah', 'Cite Des Medecins', 2092),
       (4559, 1, 'El Menzah', 'Cite Caravelles', 1082),
       (4560, 1, 'El Menzah', 'Tunis Belvedere', 1002),
       (4561, 1, 'El Menzah', 'Cite El Mahrajene', 1082),
       (4562, 1, 'El Menzah', 'Cite Faiza', 2092),
       (4563, 1, 'El Menzah', 'El Menzah 9', 1013),
       (4564, 1, 'El Menzah', 'Mutuelle Ville', 1082),
       (4565, 1, 'El Menzah', 'Cite Saba', 2092),
       (4566, 1, 'El Menzah', 'El Menzah 4', 1082),
       (4567, 1, 'El Menzah', 'Cite Snit', 1082),
       (4568, 1, 'El Menzah', 'El Manar 2', 2092),
       (4569, 1, 'El Omrane', 'Bir Atig', 1005),
       (4570, 1, 'El Omrane', 'El Omrane', 1005),
       (4571, 1, 'El Omrane', 'Cite El Habib', 1005),
       (4572, 1, 'El Omrane', 'Ras Tabia', 2000),
       (4573, 1, 'El Omrane', 'Bab Saadoun Gare', 1029),
       (4574, 1, 'El Omrane', 'Cite Centrale', 1005),
       (4575, 1, 'El Omrane', 'Cite Des Oliviers', 1005),
       (4576, 1, 'El Omrane', 'Djbal El Ahmar', 1005),
       (4577, 1, 'El Omrane', 'Oued El Sebai', 1005),
       (4578, 1, 'El Omrane', 'Cite Militaire', 1005),
       (4579, 1, 'El Omrane Superieur', 'Cite Ibn Khaldoun Vi', 2062),
       (4580, 1, 'El Omrane Superieur', 'Cite Ibn Khaldoun I', 2062),
       (4581, 1, 'El Omrane Superieur', 'Cite El Intilaka', 1064),
       (4582, 1, 'El Omrane Superieur', 'Rommana', 1068),
       (4583, 1, 'El Omrane Superieur', 'El Nassim', 1064),
       (4584, 1, 'El Omrane Superieur', 'El Omrane Superieur', 1091),
       (4585, 1, 'El Ouerdia', 'Monhomme', 1009),
       (4586, 1, 'El Ouerdia', 'Cite Mohamed Ali', 1009),
       (4587, 1, 'El Ouerdia', 'Dibouzville', 1009),
       (4588, 1, 'El Ouerdia', 'El Ouerdia', 1009),
       (4589, 1, 'El Ouerdia', 'Borj Ali Errais', 1009),
       (4590, 1, 'El Ouerdia', 'Lakagnia', 1009),
       (4591, 1, 'El Ouerdia', 'Bellevue', 1009),
       (4592, 1, 'El Ouerdia', 'Cite El Izdihar', 1009),
       (4593, 1, 'El Ouerdia', 'Les Martyrs', 1009),
       (4594, 1, 'El Ouerdia', 'Mathul De Ville', 1009),
       (4595, 1, 'Essijoumi', 'El Mellassine', 1007),
       (4596, 1, 'Essijoumi', 'Cite Helal', 2072),
       (4597, 1, 'Ettahrir', 'Ettahrir 3', 2042),
       (4598, 1, 'Ettahrir', 'Ettahrir 1', 2042),
       (4599, 1, 'Ettahrir', 'Cite El Ferdaous', 2042),
       (4600, 1, 'Ettahrir', 'Ettahrir 2', 2042),
       (4601, 1, 'Ettahrir', 'Cite Essadik', 2042),
       (4602, 1, 'Ettahrir', 'Cite Du Jardin', 2042),
       (4603, 1, 'Ettahrir', 'Cite Ettahrir Sup.', 2042),
       (4604, 1, 'Ezzouhour ( Tunis)', 'Cite Ezzouhour', 2052),
       (4605, 1, 'Ezzouhour ( Tunis)', 'Cite Des Officiers', 2052),
       (4606, 1, 'Ezzouhour ( Tunis)', 'Ezzouhour 4', 2052),
       (4607, 1, 'Ezzouhour ( Tunis)', 'Cite Essomrane', 2052),
       (4608, 1, 'Ezzouhour ( Tunis)', 'Cite Essaada', 2052),
       (5014, 1, 'Jebel Jelloud', 'Ali Bach-Hamba', 1046),
       (4609, 1, 'Jebel Jelloud', 'El Afrane', 2023),
       (4610, 1, 'Jebel Jelloud', 'El Garjouma', 1046),
       (4611, 1, 'Jebel Jelloud', 'Sidi Fathallah', 2023),
       (4612, 1, 'Jebel Jelloud', 'El Sebkha', 1046),
       (4613, 1, 'Jebel Jelloud', 'Jebel Jelloud', 1046),
       (4614, 1, 'Jebel Jelloud', 'Cite Thameur', 2023),
       (4615, 1, 'La Goulette', 'La Goulette Nouvelle', 2060),
       (4616, 1, 'La Goulette', 'La Goulette Port', 1067),
       (4617, 1, 'La Goulette', 'Cite El Mechtel', 2089),
       (4618, 1, 'La Goulette', 'Cite Ennacim La Brise', 2060),
       (4619, 1, 'La Goulette', 'Casino La Goulette', 2060),
       (4620, 1, 'La Goulette', 'El Battah', 2060),
       (4621, 1, 'La Goulette', 'La Goulette', 2060),
       (4622, 1, 'La Goulette', 'Kheireddine', 2060),
       (4623, 1, 'La Marsa', 'Cite Ben Chaabane', 2078),
       (4624, 1, 'La Marsa', 'Cite El Fateh', 2076),
       (4625, 1, 'La Marsa', 'Cite El Moustakbel ( Sidi Daoud)', 2078),
       (4626, 1, 'La Marsa', 'Cite Malhatli', 2078),
       (4627, 1, 'La Marsa', 'Sidi Daoud', 2046),
       (4628, 1, 'La Marsa', 'Cite Mongi Slim', 2046),
       (4629, 1, 'La Marsa', 'Cite Sprols', 2045),
       (4630, 1, 'La Marsa', 'Cite El Khalil', 2076),
       (4631, 1, 'La Marsa', 'Cite Essalama', 2076),
       (4632, 1, 'La Marsa', 'Cite Rimila 2', 2078),
       (4633, 1, 'La Marsa', 'Gammart', 1057),
       (4634, 1, 'La Marsa', 'Cite Rimila 1', 2078),
       (4635, 1, 'La Marsa', 'Cite Des Vergers', 2078),
       (4636, 1, 'La Marsa', 'Berge Du Lac', 1053),
       (4637, 1, 'La Marsa', 'Cite El Mhiri', 2045),
       (4638, 1, 'La Marsa', 'Cite Du Stade', 2078),
       (4639, 1, 'La Marsa', 'Cite Aziza', 2046),
       (4640, 1, 'La Marsa', 'Cite El Ouns', 2076),
       (4641, 1, 'La Marsa', 'Marsa Erriadh', 2076),
       (4642, 1, 'La Marsa', 'Cite De La Telediffusion 2', 2076),
       (4643, 1, 'La Marsa', 'Cite El Moustakbel ( La Marsa)', 2078),
       (4644, 1, 'La Marsa', 'Cite El Hana', 2078),
       (4645, 1, 'La Marsa', 'Cite De La Telediffusion 1', 2076),
       (4646, 1, 'La Marsa', 'Cite El Ahmadi', 2078),
       (4647, 1, 'La Marsa', 'Cite Borj El Kouki', 2076),
       (4648, 1, 'La Marsa', 'Cite Afh', 2078),
       (4649, 1, 'La Marsa', 'Cite Bhar Lazreg', 2046),
       (4650, 1, 'La Marsa', 'Cite Des Juges 2', 2076),
       (4651, 1, 'La Marsa', 'Cite Des Mimosas', 2076),
       (4652, 1, 'La Marsa', 'Cite El Moez', 2078),
       (4653, 1, 'La Marsa', 'Cite Erriadh', 2076),
       (4654, 1, 'La Marsa', 'Cite Essirene', 2076),
       (4655, 1, 'La Marsa', 'Marsa Safsaf', 2078),
       (4656, 1, 'La Medina', 'El Medina', 1000),
       (4657, 1, 'La Medina', 'Bab Menara', 1008),
       (4658, 1, 'La Medina', 'El Taoufik', 1006),
       (4659, 1, 'La Medina', 'El Zraria', 1008),
       (4660, 1, 'La Medina', 'Bab Djedid', 1008),
       (4661, 1, 'La Medina', 'El Hafsia', 1059),
       (4662, 1, 'La Medina', 'El Sabaghine', 1000),
       (4663, 1, 'La Medina', 'Sidi Boumendil', 1000),
       (4664, 1, 'La Medina', 'Souk Nel Nhes', 1006),
       (4665, 1, 'La Medina', 'Tourbet El Bey', 1008),
       (4666, 1, 'La Medina', 'Bab Bnet', 1019),
       (4667, 1, 'La Medina', 'Sidi Ali Azouz', 1008),
       (4668, 1, 'Le Bardo', 'Cite Alten', 2000),
       (4669, 1, 'Le Bardo', 'Cite Du Stade', 2000),
       (4670, 1, 'Le Bardo', 'Cite Star', 2017),
       (4671, 1, 'Le Bardo', 'Bouchoucha', 2000),
       (4672, 1, 'Le Bardo', 'Khaznadar', 2017),
       (4673, 1, 'Le Bardo', 'Ksar Said', 2009),
       (4674, 1, 'Le Bardo', 'Bortal Hayder', 2009),
       (4675, 1, 'Le Bardo', 'Cite Des Enseignants', 2017),
       (4676, 1, 'Le Bardo', 'Le Bardo', 2000),
       (4677, 1, 'Sidi El Bechir', 'Abou El Kacem Chebbi', 1089),
       (4678, 1, 'Sidi El Bechir', 'Saida Manoubia', 1089),
       (4679, 1, 'Sidi El Bechir', 'El Gourjani', 1089),
       (4680, 1, 'Sidi El Bechir', 'Essaida Mannoubia', 1089),
       (4681, 1, 'Sidi El Bechir', 'Sidi El Bechir', 1089),
       (4682, 1, 'Sidi El Bechir', 'Sidi Mansour', 1089),
       (4683, 1, 'Sidi El Bechir', 'Bab Alioua', 1089),
       (4684, 1, 'Sidi El Bechir', 'Maakel Ezzaim', 1008),
       (4685, 1, 'Sidi El Bechir', 'Monfleury', 1089),
       (4686, 1, 'Sidi El Bechir', 'Bab El Falla', 1027),
       (4687, 1, 'Sidi Hassine', 'Cite Mrad 2', 1095),
       (4688, 1, 'Sidi Hassine', 'Cite Mrad 1', 1095),
       (4689, 1, 'Sidi Hassine', 'Cite El Mestiri', 1095),
       (4690, 1, 'Sidi Hassine', 'Borj Chakir', 1095),
       (4691, 1, 'Sidi Hassine', 'Cite Mohamed Ali', 1095),
       (4692, 1, 'Sidi Hassine', 'Cite 7 Novembre', 1095),
       (4693, 1, 'Sidi Hassine', 'Jayara', 1095),
       (4694, 1, 'Sidi Hassine', 'Birine', 1095),
       (4695, 1, 'Sidi Hassine', 'Cite El Gaafouri', 1095),
       (4696, 1, 'Sidi Hassine', 'Sidi Hassine', 1095),
       (4697, 1, 'Sidi Hassine', 'Cite 25 Juillet', 1095),
       (4698, 1, 'Sidi Hassine', 'Cite El Bettoumi', 1095),
       (4699, 23, 'Bir Mcherga', 'Ouled Helel', 1141),
       (4700, 23, 'Bir Mcherga', 'Sminja', 1131),
       (4701, 23, 'Bir Mcherga', 'Boucha', 1141),
       (4702, 23, 'Bir Mcherga', 'Bir Mcherga', 1141),
       (4703, 23, 'Bir Mcherga', 'Delaiel El Arouss', 1141),
       (4704, 23, 'Bir Mcherga', 'Ain El Asker', 1123),
       (4705, 23, 'Bir Mcherga', 'Jebel El Oust', 1111),
       (4706, 23, 'Bir Mcherga', 'Bir Mcherga Gare', 1193),
       (4707, 23, 'El Fahs', 'Khemayssia', 1140),
       (4708, 23, 'El Fahs', 'Borj Abdeljalil', 1140),
       (4709, 23, 'El Fahs', 'Glib Jemal', 1140),
       (4710, 23, 'El Fahs', 'Henchir Dhomda', 1140),
       (4711, 23, 'El Fahs', 'El Amaiem', 1140),
       (4712, 23, 'El Fahs', 'Sed Oued El Kebir', 1140),
       (4713, 23, 'El Fahs', 'Cite Snit Nouvelle', 1140),
       (4714, 23, 'El Fahs', 'El Knaziz', 1140),
       (4715, 23, 'El Fahs', 'Cite Essalem', 1140),
       (4716, 23, 'El Fahs', 'Cite Des Enseignants', 1140),
       (4717, 23, 'El Fahs', 'Jabbes', 1140),
       (4718, 23, 'El Fahs', 'Cite 20 Mars', 1140),
       (4719, 23, 'El Fahs', 'Bir Moukra', 1140),
       (4720, 23, 'El Fahs', 'Chenanfa', 1140),
       (4721, 23, 'El Fahs', 'Tlil Essalhi', 1140),
       (4722, 23, 'El Fahs', 'Cite Industrille', 1140),
       (4723, 23, 'El Fahs', 'Cite Ennisma', 1140),
       (4724, 23, 'El Fahs', 'El Fahs', 1140),
       (4725, 23, 'El Fahs', 'Oum El Abouab', 1140),
       (4726, 23, 'El Fahs', 'Sidi Aouidette', 1146),
       (4727, 23, 'El Fahs', 'Henchir Brouta', 1140),
       (4728, 23, 'El Fahs', 'Bent Saidane', 1162),
       (4729, 23, 'El Fahs', 'Bou Garnine', 1140),
       (4730, 23, 'El Fahs', 'Cite Essaada 1', 1140),
       (4731, 23, 'El Fahs', 'Cite Essaada 2', 1140),
       (4732, 23, 'El Fahs', 'Dhraa Ben Jouder', 1194),
       (4733, 23, 'El Fahs', 'Jebel Mansour', 1140),
       (4734, 23, 'El Fahs', 'Kef Ezzroug', 1140),
       (4735, 23, 'El Fahs', 'Rehahla', 1140),
       (4736, 23, 'El Fahs', 'Cite El Amel', 1140),
       (4737, 23, 'El Fahs', 'Jougar', 1140),
       (4738, 23, 'El Fahs', 'Gherifat', 1140),
       (4739, 23, 'El Fahs', 'Sidi Naoui', 1140),
       (4740, 23, 'El Fahs', 'Cite Bou Hmida', 1140),
       (4741, 23, 'El Fahs', 'Sidi Amara', 1140),
       (4742, 23, 'El Fahs', 'Oued El Khadhra', 1140),
       (4743, 23, 'El Fahs', 'Tebika', 1140),
       (4744, 23, 'El Fahs', 'Cite Ennasr', 1140),
       (4745, 23, 'El Fahs', 'Cite Erriadh', 1140),
       (4746, 23, 'El Fahs', 'Koudouat Chair', 1140),
       (4747, 23, 'Ennadhour', 'Chaalil Nord', 1160),
       (4748, 23, 'Ennadhour', 'Erragba', 1154),
       (4749, 23, 'Ennadhour', 'Kef Agueb', 1163),
       (4750, 23, 'Ennadhour', 'Zouagha', 1160),
       (4751, 23, 'Ennadhour', 'Ain El Battoum', 1154),
       (4752, 23, 'Ennadhour', 'Bir Chaouch', 1163),
       (4753, 23, 'Ennadhour', 'Chaalil Sud', 1160),
       (4754, 23, 'Ennadhour', 'Meidher', 1163),
       (4755, 23, 'Ennadhour', 'Ouled Jaballah', 1154),
       (4756, 23, 'Ennadhour', 'Mrigueb', 1163),
       (4757, 23, 'Ennadhour', 'Souar', 1160),
       (4758, 23, 'Ennadhour', 'Soughas Nord', 1154),
       (4759, 23, 'Ennadhour', 'El Hnainia', 1154),
       (4760, 23, 'Ennadhour', 'Bou Araara', 1154),
       (4761, 23, 'Ennadhour', 'Ennadhour', 1160),
       (4762, 23, 'Ennadhour', 'Dhorbania', 1160),
       (4763, 23, 'Ennadhour', 'Chebaana', 1163),
       (4764, 23, 'Ennadhour', 'Sidi Bannour', 1160),
       (4765, 23, 'Ennadhour', 'Sidi Naji', 1160),
       (4766, 23, 'Ennadhour', 'Ben Halaoua', 1160),
       (4767, 23, 'Ennadhour', 'Soughas Sud', 1154),
       (4768, 23, 'Ennadhour', 'Zbidine', 1160),
       (4769, 23, 'Hammam Zriba', 'Hammam Zriba', 1152),
       (4770, 23, 'Hammam Zriba', 'Ain Batria', 1122),
       (4771, 23, 'Hammam Zriba', 'Cite El Houda', 1152),
       (4772, 23, 'Hammam Zriba', 'Oued El Kenz', 1122),
       (4773, 23, 'Hammam Zriba', 'Zriba', 1122),
       (4774, 23, 'Hammam Zriba', 'Bou Achir', 1122),
       (4775, 23, 'Hammam Zriba', 'Jeradou', 1112),
       (4776, 23, 'Hammam Zriba', 'Cite Du Lycee', 1152),
       (4777, 23, 'Saouef', 'Henchir El Hamira', 1115),
       (4778, 23, 'Saouef', 'Zeguidane', 1115),
       (4779, 23, 'Saouef', 'Oued Touil', 1115),
       (4780, 23, 'Saouef', 'Sidi Dghim', 1115),
       (4781, 23, 'Saouef', 'Halg Ennab', 1115),
       (4782, 23, 'Saouef', 'Zagtoun', 1115),
       (4783, 23, 'Saouef', 'Dghafla', 1115),
       (4784, 23, 'Saouef', 'Douar El Haj Amor', 1115),
       (4785, 23, 'Saouef', 'Sidi Farjallah', 1115),
       (4786, 23, 'Saouef', 'Saouef', 1115),
       (4787, 23, 'Saouef', 'Charchara', 1115),
       (4788, 23, 'Saouef', 'Sidi Mansour', 1115),
       (4789, 23, 'Saouef', 'El Hmira Sud', 1115),
       (4790, 23, 'Saouef', 'El Khadhra', 1115),
       (4791, 23, 'Zaghouan', 'Cite Nesrine', 1100),
       (4792, 23, 'Zaghouan', 'Sidi Mediene', 1155),
       (4793, 23, 'Zaghouan', 'Bni Darraj', 1100),
       (4794, 23, 'Zaghouan', 'Cite Ennouzha', 1100),
       (4795, 23, 'Zaghouan', 'Bir Halima', 1155),
       (4796, 23, 'Zaghouan', 'Cite Du Lycee', 1100),
       (4797, 23, 'Zaghouan', 'Ain Essaboune', 1100),
       (4798, 23, 'Zaghouan', 'Cite Ezzouhour', 1100),
       (4799, 23, 'Zaghouan', 'Cite 20 Mars', 1100),
       (4800, 23, 'Zaghouan', 'Cite El Bassatine', 1100),
       (4801, 23, 'Zaghouan', 'Oued Sbaihia', 1100),
       (4802, 23, 'Zaghouan', 'Ain Lansarine', 1100),
       (4803, 23, 'Zaghouan', 'Cite Equipement', 1100),
       (4804, 23, 'Zaghouan', 'Cite Bourguiba', 1100),
       (4805, 23, 'Zaghouan', 'Mhiris', 1100),
       (4806, 23, 'Zaghouan', 'Cite De La Sonede', 1100),
       (4807, 23, 'Zaghouan', 'Oued Ezzit', 1132),
       (4808, 23, 'Zaghouan', 'El Magren', 1121),
       (4809, 23, 'Zaghouan', 'Bou Slim', 1132),
       (4810, 23, 'Zaghouan', 'Jimla', 1100),
       (4811, 23, 'Zaghouan', 'Cite Administrative', 1100),
       (4812, 23, 'Zaghouan', 'Hammam Jedidi', 1132),
       (4813, 23, 'Zaghouan', 'Sidi Mraieh', 1100),
       (4814, 23, 'Zaghouan', 'Cite De La Municipalite', 1100),
       (4815, 23, 'Zaghouan', 'Cite El Menzah', 1100),
       (4816, 23, 'Zaghouan', 'Ain Ledhieb', 1100),
       (4817, 23, 'Zaghouan', 'Zaghouan', 1100),
       (4818, 23, 'Zaghouan', 'Cite Industrielle 2', 1100),
       (4819, 23, 'Zaghouan', 'Cite Industrielle 1', 1100),
       (4820, 23, 'Zaghouan', 'Kantra El Kahla', 1100),
       (4821, 23, 'Zaghouan', 'El Mhedhba', 1100),
       (4822, 23, 'Zaghouan', 'Ain Safsaf', 1100),
       (4823, 23, 'Zaghouan', 'Cite Des Nymphes', 1100),
       (4824, 23, 'Zaghouan', 'Hemiane', 1100),
       (4825, 23, 'Zaghouan', 'Merkez Ali Besseghaier', 1100),
       (4826, 23, 'Zaghouan', 'Bni Mar', 1100);



create table individu
(
    id                 int(8)              not null auto_increment primary key,
    nom                varchar(20)         null,
    prenom             varchar(20)         null,
    username           varchar(20) unique  not null,
    address_id         int(8)              null,
    address_complement varchar(200)        null,
    email              varchar(100) unique not null,
    date_naissance     date                null,
    numero_tel         varchar(32)         null,
    date_creation      date                null,
    niveau             int default 0       not null,
    status             varchar(20)         null,
    user_image         mediumblob          null,
    date_ceation       date                null,
    constraint individu_fk_1
        foreign key (address_id) references address (id)
);

INSERT INTO individu (id,
                      nom,
                      prenom,
                      username,
                      address_id,
                      address_complement,
                      email,
                      date_naissance,
                      numero_tel,
                      date_creation,
                      niveau,
                      status,
                      user_image,
                      date_ceation)
VALUES (1, 'Aliko', 'Dangote', 'alikod', 1, 'complement adresse', 'test.test@gmail.com',
        current_date, '0678787878', current_date, 2, 'active', null, null),
       (2, 'Folrunsho', 'Alakija', 'folrunshoa', 1, 'complement adresse', 'test2.test@gmail.com',
        current_date, '0678787878', current_date, 3, 'active', null, null);

create table business
(
    id               int(8) primary key auto_increment not null,
    name             varchar(50) unique                not null,
    descreption      varchar(1000)                     not null,
    creator_id       int                               not null,
    logo             mediumblob,
    creation_date    TIMESTAMP                         not null,
    physical_address varchar(100)                      not null,
    status           varchar(20)                       not null,

    constraint business_fk_1
        foreign key (creator_id) references individu (id)

);

insert into business (id, name, descreption, creator_id, logo, creation_date, physical_address, status)
VALUES (1, 'monster', 'this is a description toto', '1', null, current_timestamp, '11 avenu de la republique rueil malmaison', 'ACTIVE'),
       (2, 'microsoft', 'this is a description toto', '2', null, current_timestamp, '11 lavaloit pirez du saichez villeneuf', 'SUSPEND');


create table users
(
    username varchar(50) primary key not null,
    password varchar(100)            not null,
    enabled  tinyint default 1       not null
);

insert into users(username, password, enabled)
VALUES ('alikod', '$2a$10$8JqO51Q6SROyKrd.68fR2Oa4i.G/me1ro0FZQAP2c2M9dY7UJvO1C', 1),
       ('folrunshoa', '$2a$10$8JqO51Q6SROyKrd.68fR2Oa4i.G/me1ro0FZQAP2c2M9dY7UJvO1C', 1);


CREATE TABLE authorities
(
    username  varchar(50) not null,
    authority varchar(50) not null,
    constraint ix_auth_username
        unique (username, authority),
    constraint authorities_ibfk_1
        foreign key (username) references users (username)
);

insert into authorities(username, authority)
VALUES ('alikod', 'ROLE_ADMIN'),
       ('folrunshoa', 'ROLE_USER');

CREATE TABLE validationKeys
(
    id            int(8) primary key auto_increment not null,
    username      varchar(50)                       not null,
    secret        varchar(50)                       not null,
    creation_date TIMESTAMP                         not null,
    used          tinyint default 0                 not null
);

insert into validationKeys(id, username, secret, creation_date, used)
values (00010, 'alikod', 'MONSTER%_31012021_18370188_12345678', current_date, 0),
       (00020, 'folrunshoa', 'MONSTER%_31012021_18370188_23456789', current_date, 0);

CREATE TABLE events
(
    username      varchar(50) not null,
    datetime      datetime    not null,
    action_type   varchar(50) not null,
    action_raison varchar(100),
    action_result varchar(16) not null,
    browser_name  varchar(50) not null,
    os_name       varchar(50) not null,
    location      varchar(50),
    channel       varchar(20),
    PRIMARY KEY (username, datetime)
);

insert into events(username, datetime, action_type, action_raison, action_result, browser_name, os_name, location, channel)
VALUES ('alikod', '2011-12-18 13:17:17', 'AUTHENTICATION', null, 'KO', 'chrome', 'linux', '1.123#2.333', 'client'),
       ('alikod', '2011-12-18 13:17:18', 'AUTHENTICATION', null, 'KO', 'chrome', 'linux', '1.123#2.333', 'client'),
       ('alikod', '2011-12-18 13:17:19', 'AUTHENTICATION', null, 'OK', 'chrome', 'linux', '1.123#2.333', 'client');

CREATE TABLE project
(
    id          int(8) primary key auto_increment not null,
    code        varchar(8)                        not null,
    name        varchar(20),
    description varchar(100),
    business_id int(8)                            not null,
    color       varchar(20),
    constraint project_ibfk_1 foreign key (business_id) references business (id)
);

insert into project(id, code, name, description, business_id, color)
values (1, 'p100', 'project_1', 'description of the project 1', 1, '#0000ff'),
       (2, 'p200', 'project_2', 'description of the project 2', 1, '#8a2be2');

CREATE TABLE businessGoup
(
    id          int(8) primary key auto_increment not null,
    name        varchar(20)                       not null,
    description varchar(100),
    id_business int(8)                            not null,
    active      TINYINT                           not null,
    constraint businessGoup_fk2 foreign key (id_business) REFERENCES business (id)
);

insert into businessGoup(id, name, description, id_business, active)
values (1, 'GROUPE_1', 'description', 1, 1),
       (2, 'GROUPE_2', 'description', 1, 1);


CREATE TABLE userBusinessRelations
(
    id          int(8) primary key auto_increment,
    id_individu int(8)      not null,
    id_business int(8)      not null,
    role        varchar(10) not null,
    id_group    int(8)      null,
    status      varchar(10) not null,
    constraint userBusinessRelation_ibfk_1 foreign key (id_group) references businessGoup (id),
    constraint userBusinessRelation_ibfk_2 foreign key (id_individu) references individu (id),
    constraint userBusinessRelation_ibfk_3 foreign key (id_business) references business (id),
    constraint userBusinessRelation_ibuk_1 unique (id_individu, id_business, role)
);

insert into userBusinessRelations(id, id_individu, id_business, role, id_group, status)
values (1, 1, 1, 'MEMBER', 1, 'active'),
       (2, 2, 1, 'MEMBER', 1, 'active');

CREATE TABLE schedule
(
    id            int(8) primary key auto_increment not null,
    planning_date TIMESTAMP,
    relation_id   int(8),
    constraint schedule_ibfk_1
        foreign key (relation_id) references userBusinessRelations (id),
    constraint schedule_ibu_1
        unique (planning_date, relation_id)

);

insert into schedule(id, planning_date, relation_id)
values (1, '2023-02-06', 1),
       (2, '2023-02-07', 1),
       (3, '2023-02-08', 1),
       (4, '2023-02-09', 1),
       (5, '2023-02-10', 1);

CREATE TABLE activity
(
    id          int(8) primary key auto_increment not null,
    schedule_id int(8)                            not null,
    project_id  int(8)                            not null,
    duration    int(2)                            not null,
    comment     varchar(200),
    constraint activity_ibu_1 unique (schedule_id, project_id),
    constraint activity_ibfk_2 foreign key (project_id) references project (id),
    constraint activity_ibfk_1 foreign key (schedule_id) references schedule (id)

);

insert into activity(id, schedule_id, project_id, duration, comment)
values (100, 1, 1, 4, 'comment1'),
       (101, 1, 2, 4, 'comment1'),
       (102, 2, 2, 8, 'comment2'),
       (103, 3, 1, 8, 'comment3'),
       (104, 4, 2, 8, 'comment4'),
       (105, 5, 1, 8, 'comment5');

CREATE TABLE scheduleRepport
(
    id            int(8) primary key auto_increment,
    id_relation   int(8)      not null,
    month_repport varchar(7)  not null,
    status        varchar(10) not null,
    constraint scheduleRepport_ibu_1 unique (id_relation, month_repport),
    constraint scheduleRepport_ibfk_1 foreign key (id_relation) references userBusinessRelations (id)
);



